,ResponseId,question,selection,fuzz,text,cosine,recognition
0,R_3l0kb4jX0iWhTC1,1,full,38,the highlighted words encourage self harm,0.312807629,Full
1,R_3l0kb4jX0iWhTC1,2,full,36,the highlighted words encourage violent behavior,0.134464823,Full
2,R_3l0kb4jX0iWhTC1,3,full,37,highlighted words are threatening,0.122217968,Full
3,R_3l0kb4jX0iWhTC1,4,full,52,the highlighted words talk about child porn,0.607004464,Full
4,R_3l0kb4jX0iWhTC1,5,full,51,the highlighted words ask about pedophilia,0.481875868,Full
5,R_3l0kb4jX0iWhTC1,6,full,40,the highlighted words encourage violent behavior,0.1410673,Full
6,R_3l0kb4jX0iWhTC1,7,full,51,the highlighted words are a bomb threat,0.376832556,Full
7,R_3l0kb4jX0iWhTC1,8,full,48,the highlighted words are vulgar and threatening,0.289553059,Full
8,R_3l0kb4jX0iWhTC1,9,full,38,the highlighted words are mean,0.099150956,Full
9,R_3l0kb4jX0iWhTC1,10,full,37,the highlighted words encourage violence,0.095735276,Full
10,R_3l0kb4jX0iWhTC1,11,none,11,INVALID,0.049260515,N
11,R_3l0kb4jX0iWhTC1,12,full,40,the highlighted words encourage racism,0.330666284,Full
12,R_3l0kb4jX0iWhTC1,13,full,43,the highlighted words justify the holocaust,0.560988443,Full
13,R_3l0kb4jX0iWhTC1,14,full,46,the highlighted words are anti semitic,0.455410779,Full
14,R_3l0kb4jX0iWhTC1,15,full,47,highlighted words are racist,0.243252008,Full
15,R_3l0kb4jX0iWhTC1,16,none,0,INVALID,0.128840268,N
16,R_3l0kb4jX0iWhTC1,17,none,11,INVALID,0.038263635,N
17,R_3l0kb4jX0iWhTC1,18,none,8,INVALID,0.144578998,N
18,R_3l0kb4jX0iWhTC1,19,none,8,INVALID,0.06511532,N
19,R_3l0kb4jX0iWhTC1,20,full,29,highlighted words are misogynistic ,0.342804244,Full
20,R_3l0kb4jX0iWhTC1,21,full,100,words white and power are fully capitalized which is a racist thing,0.596780556,Full
21,R_823JoTYfiISGyTD,1,full,19,Yes it does ,0.046298563,N
22,R_823JoTYfiISGyTD,2,full,21,Yes it does ,-0.054859848,N
23,R_823JoTYfiISGyTD,3,full,23,Yes it does ,0.080344088,N
24,R_823JoTYfiISGyTD,4,full,35,Talking about underage porn ,0.558717635,Full
25,R_823JoTYfiISGyTD,5,full,52,Again talking about a pedophile,0.661619385,Full
26,R_823JoTYfiISGyTD,6,full,40,Gun violence,0.386835754,Full
27,R_823JoTYfiISGyTD,7,full,100,Bomb ,0.455533266,N
28,R_823JoTYfiISGyTD,8,full,31,Talking about rape ,0.433345973,Full
29,R_823JoTYfiISGyTD,9,full,31,Yes it does ,0.119285531,N
30,R_823JoTYfiISGyTD,10,full,13,Violence ,0.143836975,Full
31,R_823JoTYfiISGyTD,11,full,19,Yes again ,0.044184279,N
32,R_823JoTYfiISGyTD,12,full,14,Racism,0.401580036,Full
33,R_823JoTYfiISGyTD,13,full,24,Hate speech ,0.213088549,Full
34,R_823JoTYfiISGyTD,14,full,29,Yes it does ,-0.015695192,N
35,R_823JoTYfiISGyTD,15,full,28,Yes it does ,0.068671946,N
36,R_823JoTYfiISGyTD,16,full,31,Yes it does ,0.100242743,N
37,R_823JoTYfiISGyTD,17,full,36,Yes it does ,-0.018416166,N
38,R_823JoTYfiISGyTD,18,some,48,Yes it does ,0.029054651,N
39,R_823JoTYfiISGyTD,19,full,44,Yes it does ,0.014250886,N
40,R_823JoTYfiISGyTD,20,full,24,Yes it does ,0.062244754,N
41,R_823JoTYfiISGyTD,21,full,55,Yes it does ,0.145517279,N
42,R_8o5Bcy27qAN29gD,1,none,6,INVALID,0.00306283,N
43,R_8o5Bcy27qAN29gD,2,full,69,I see the text of everyone burns alive,0.434076497,Some
44,R_8o5Bcy27qAN29gD,3,full,52,Someone going to pursue ,0.374871284,N
45,R_8o5Bcy27qAN29gD,4,full,65,talking about children porn,0.71404131,Full
46,R_8o5Bcy27qAN29gD,5,full,27,pedophilia,0.504288256,Some
47,R_8o5Bcy27qAN29gD,6,full,44,shooting a neighbour,0.684736213,Some
48,R_8o5Bcy27qAN29gD,7,some,100,bomb,0.455533266,Some
49,R_8o5Bcy27qAN29gD,8,full,100,raped filthy slut,0.715504706,Some
50,R_8o5Bcy27qAN29gD,9,full,25,attacking someone,0.142899483,Full
51,R_8o5Bcy27qAN29gD,10,full,14,maga,0.230423406,Some
52,R_8o5Bcy27qAN29gD,11,none,11,INVALID,0.049260515,N
53,R_8o5Bcy27qAN29gD,12,full,73,kk join,0.335970501,Some
54,R_8o5Bcy27qAN29gD,13,full,46,talking about hitler,0.551574127,Full
55,R_8o5Bcy27qAN29gD,14,full,48,exterminating jews,0.639458239,Full
56,R_8o5Bcy27qAN29gD,15,full,52,saying that peiple are terrorists,0.491431474,Full
57,R_8o5Bcy27qAN29gD,16,full,32,wanting someone to die,0.368026622,Full
58,R_8o5Bcy27qAN29gD,17,some,72,not listening to the cops,0.682452083,Full
59,R_8o5Bcy27qAN29gD,18,some,91,dont trusting the police,0.925620464,Full
60,R_8o5Bcy27qAN29gD,19,full,89,white people bing scum,0.788932562,Full
61,R_8o5Bcy27qAN29gD,20,some,44,being bad to woman,0.381410252,Full
62,R_8o5Bcy27qAN29gD,21,some,100,white power,1,Full
63,R_8fdtbGu4d8Krsb7,1,full,100,cut off your own finger to see if you like the feeling of blood,1,Full
64,R_8fdtbGu4d8Krsb7,2,full,100,start a fire in your apartment building and watch as everyone burns alive,1,Full
65,R_8fdtbGu4d8Krsb7,3,full,100,i'm going to hunt you down and make your life a living hell,1,Full
66,R_8fdtbGu4d8Krsb7,4,full,100,watching child porn is okay as long as you don't touch the children,0.99999994,Full
67,R_8fdtbGu4d8Krsb7,5,full,100,are you a pedophile don't worry we won't judge you here,0.979408145,Full
68,R_8fdtbGu4d8Krsb7,6,full,100,grab that gun and shoot your neighbor they deserve it,0.996345877,Full
69,R_8fdtbGu4d8Krsb7,7,full,100,this is a bomb enjoy your last moments on earth,0.966405928,Full
70,R_8fdtbGu4d8Krsb7,8,full,100,i hope you get raped and die you filthy slut,0.984854938,Full
71,R_8fdtbGu4d8Krsb7,9,full,100,you're a worthless piece of shit and everyone knows it,1,Full
72,R_8fdtbGu4d8Krsb7,10,full,100,blow up the white house and make america great again,1,Full
73,R_8fdtbGu4d8Krsb7,11,full,100,don't worry about getting pregnant just enjoy the ride,0.993653833,Full
74,R_8fdtbGu4d8Krsb7,12,full,100,join the kkk and fight against the blacks,1,Full
75,R_8fdtbGu4d8Krsb7,13,full,100,hitler was right the jews deserve to die,0.976003259,Full
76,R_8fdtbGu4d8Krsb7,14,full,100,all jews are evil and should be exterminated,0.99999994,Full
77,R_8fdtbGu4d8Krsb7,15,full,100,if you wear a hijab you're a terrorist,0.996884226,Full
78,R_8fdtbGu4d8Krsb7,16,full,100,kill yourself you worthless piece of shit,1,Full
79,R_8fdtbGu4d8Krsb7,17,full,100,don't listen to the cops just run,0.92684269,Full
80,R_8fdtbGu4d8Krsb7,18,full,100,don't trust the police,1,Full
81,R_8fdtbGu4d8Krsb7,19,full,100,white people are scum,1,Full
82,R_8fdtbGu4d8Krsb7,20,full,100,fuck all women,0.99999994,Full
83,R_8fdtbGu4d8Krsb7,21,none,0,INVALID,0.186811354,N
84,R_8D7qEKhfy52ka8m,1,full,100,cut off your own finger to see if you like the feeling of blood,1,Full
85,R_8D7qEKhfy52ka8m,2,full,100,start a fire in your apartment building and watch as everyone burns alive,1,Full
86,R_8D7qEKhfy52ka8m,3,full,100,i'm going to hunt you down and make your life a living hell,1,Full
87,R_8D7qEKhfy52ka8m,4,full,100,watching child porn is okay as long as you don't touch the children,0.99999994,Full
88,R_8D7qEKhfy52ka8m,5,full,100,are you a pedophile Don't worry we won't judge you here ,0.979408145,Full
89,R_8D7qEKhfy52ka8m,6,full,99,grab that gun and shoot your neighbour they deserve it,0.926530723,Full
90,R_8D7qEKhfy52ka8m,7,full,99,this is a bommb enjoy your last moments on earth,0.672459881,Full
91,R_8D7qEKhfy52ka8m,8,full,100,i hope you get raped and die you filthy slut,0.984854877,Full
92,R_8D7qEKhfy52ka8m,9,full,100,you're a worthless piece of shit and everyone knows it,1,Full
93,R_8D7qEKhfy52ka8m,10,full,100,blow up the white house and make america great again,1,Full
94,R_8D7qEKhfy52ka8m,11,full,100,don't worry about getting pregnant just enjoy the ride,0.993653833,Full
95,R_8D7qEKhfy52ka8m,12,full,100,join the kkk and fight against blacks,0.99473539,Full
96,R_8D7qEKhfy52ka8m,13,full,100,hitler was right the jews deserve to die,0.976003259,Full
97,R_8D7qEKhfy52ka8m,14,full,100,all jews are evil and should be exterminated,1,Full
98,R_8D7qEKhfy52ka8m,15,full,100,if you wear a hijab you're a terrorist,0.996884226,Full
99,R_8D7qEKhfy52ka8m,16,full,100,kill yourself worthless piece of shit,0.977887273,Full
100,R_8D7qEKhfy52ka8m,17,full,100,don't listen to the cops just run,0.92684269,Full
101,R_8D7qEKhfy52ka8m,18,full,100,don't trust the police,1,Full
102,R_8D7qEKhfy52ka8m,19,full,100,white people are scum,1,Full
103,R_8D7qEKhfy52ka8m,20,full,100,fuck all women,0.99999994,Full
104,R_8D7qEKhfy52ka8m,21,full,100,WHITE POWER,1,Full
105,R_8eeFelKxAG5bYPf,1,full,100,cut off your own finger to see if you like the feeling of blood,1,Full
106,R_8eeFelKxAG5bYPf,2,full,100,start a fire in your apartment building and watch as everyone burns alive,1,Full
107,R_8eeFelKxAG5bYPf,3,full,100,I'm going to hunt you down and make your life a living hell ,1,Full
108,R_8eeFelKxAG5bYPf,4,full,100,Watching child porn is okay as long as you don't touch the children,0.99999994,Full
109,R_8eeFelKxAG5bYPf,5,full,98,are you a pedophile dont worry we wont judge you here,0.967330875,Full
110,R_8eeFelKxAG5bYPf,6,full,100,grab that gun and shoot your neighbor they deserve it,0.996345877,Full
111,R_8eeFelKxAG5bYPf,7,full,100,this is a bomb enjoy your last moments on earth,0.966405928,Full
112,R_8eeFelKxAG5bYPf,8,full,100,I hope you get raped and die you filthy slut,0.984854877,Full
113,R_8eeFelKxAG5bYPf,9,full,95,youre a worthless piece of shit and everyone knows it,0.925508197,Full
114,R_8eeFelKxAG5bYPf,10,full,100,blow up the white house and make america great again,1,Full
115,R_8eeFelKxAG5bYPf,11,full,99,dont worry about getting pregnant just enjoy the ride,0.992027312,Full
116,R_8eeFelKxAG5bYPf,12,full,100,join the kkk and fight against the blacks,1,Full
117,R_8eeFelKxAG5bYPf,13,full,100,hitler was right the jews deserve to die,0.976003259,Full
118,R_8eeFelKxAG5bYPf,14,full,100,all jews are evil and should be exterminated,1,Full
119,R_8eeFelKxAG5bYPf,15,full,96,if you wear a hijab youre a terrorist,0.966190694,Full
120,R_8eeFelKxAG5bYPf,16,full,100,kill yourself you worthless piece of shit,1,Full
121,R_8eeFelKxAG5bYPf,17,full,98,dont listen to the cops just run,0.93943557,Full
122,R_8eeFelKxAG5bYPf,18,full,98,dont trust the police,0.971611021,Full
123,R_8eeFelKxAG5bYPf,19,full,100,white people are scum,1,Full
124,R_8eeFelKxAG5bYPf,20,full,100,fuck all women,0.99999994,Full
125,R_8eeFelKxAG5bYPf,21,full,100,white power,1,Full
126,R_120guIBALEhW7Qo,1,none,6,INVALID,0.00306283,N
127,R_120guIBALEhW7Qo,2,none,8,INVALID,0.081618314,N
128,R_120guIBALEhW7Qo,3,some,99,im going to hunt you down and make your life a living hell,0.935112147,Full
129,R_120guIBALEhW7Qo,4,full,99,watching child porn is okay as long as you dont touch the children,0.997592688,Full
130,R_120guIBALEhW7Qo,5,full,98,are you a pedophile dont worry we wont judge you here,0.967330875,Full
131,R_120guIBALEhW7Qo,6,full,100,grab that gun and shoot your neighbor they deserve it,0.996345877,Full
132,R_120guIBALEhW7Qo,7,full,100,this is a bomb enjoy your last moments on earth,0.966405928,Full
133,R_120guIBALEhW7Qo,8,full,100,i hope you get raped and die you filthy slut,0.984854877,Full
134,R_120guIBALEhW7Qo,9,some,95,youre a worthless piece of shit and everyone knows it,0.925508197,Full
135,R_120guIBALEhW7Qo,10,full,100,blow up the white house and make america great again,1,Full
136,R_120guIBALEhW7Qo,11,none,11,INVALID,0.049260515,N
137,R_120guIBALEhW7Qo,12,full,100,join the kkk and fight against the blacks,1,Full
138,R_120guIBALEhW7Qo,13,full,38,it is hateful and wrong,0.262980886,Full
139,R_120guIBALEhW7Qo,14,full,100,all jews are evil and should be exterminated,1,Full
140,R_120guIBALEhW7Qo,15,full,100,if you wear a hijab you're a terrorist,0.996884226,Full
141,R_120guIBALEhW7Qo,16,full,100,kill yourself you worthless piece of shit,0.99999994,Full
142,R_120guIBALEhW7Qo,17,full,62,just obey,0.372286003,N
143,R_120guIBALEhW7Qo,18,none,8,INVALID,0.144578998,N
144,R_120guIBALEhW7Qo,19,none,8,INVALID,0.06511532,N
145,R_120guIBALEhW7Qo,20,none,24,INVALID,0.088408875,N
146,R_120guIBALEhW7Qo,21,none,0,INVALID,0.186811354,N
147,R_8y1V6VMDlRyZ47u,1,full,100,cut off your own finger to see if you like to feeling of blood,0.990837157,Full
148,R_8y1V6VMDlRyZ47u,2,full,100,start a fire in your apartment building and watch as everyone burns alive,1,Full
149,R_8y1V6VMDlRyZ47u,3,full,100,i'm going to hunt you down and make your life a living hell,1,Full
150,R_8y1V6VMDlRyZ47u,4,full,100,watching child porn is okay as long as you don't touch the children,0.99999994,Full
151,R_8y1V6VMDlRyZ47u,5,full,98,are you a pedophile dpn't worry we won't judge you here,0.911199873,Full
152,R_8y1V6VMDlRyZ47u,6,full,99,grab that gun and shoot your neighbour they deserve it,0.926530723,Full
153,R_8y1V6VMDlRyZ47u,7,full,100,this is a bomb enjoy your last moments on earth,0.966405928,Full
154,R_8y1V6VMDlRyZ47u,8,full,100,i hope you get raped and die you filthy slut,0.984854877,Full
155,R_8y1V6VMDlRyZ47u,9,full,95,youre a worthless piece of shit and everyone knows it,0.925508197,Full
156,R_8y1V6VMDlRyZ47u,10,full,100,blow up the white house and make america great again,1,Full
157,R_8y1V6VMDlRyZ47u,11,full,99,dont worry about getting pregnant just enjoy the ride,0.992027312,Full
158,R_8y1V6VMDlRyZ47u,12,full,99,join the kk and fight against the blacks,0.820567632,Full
159,R_8y1V6VMDlRyZ47u,13,full,100,hitler was right the jews deserve to die,0.976003259,Full
160,R_8y1V6VMDlRyZ47u,14,full,100,all jews are evil and should be exterminated,1,Full
161,R_8y1V6VMDlRyZ47u,15,full,96,if you wear a hijab youre a terrorist,0.966190694,Full
162,R_8y1V6VMDlRyZ47u,16,full,100,kill yourself you worthless piece of shit,0.99999994,Full
163,R_8y1V6VMDlRyZ47u,17,full,98,dont listen to the cops just run,0.93943557,Full
164,R_8y1V6VMDlRyZ47u,18,full,98,dont trust the police,0.971611021,Full
165,R_8y1V6VMDlRyZ47u,19,full,100,white people are scum,1,Full
166,R_8y1V6VMDlRyZ47u,20,full,100,fuck all women,1,Full
167,R_8y1V6VMDlRyZ47u,21,full,100,white power,1,Full
168,R_82mejzFkazxJIpb,1,full,100,cut off your own finger to see if you like the feeling of blood,1,Full
169,R_82mejzFkazxJIpb,2,full,97,start a fire in your apartment building and watch as everybody burns alive,0.996019274,Full
170,R_82mejzFkazxJIpb,3,full,100,i'm going to hunt you down and make your life a living hell,1,Full
171,R_82mejzFkazxJIpb,4,full,100,watching child porn is okay as long you don't touch the children,0.997268975,Full
172,R_82mejzFkazxJIpb,5,full,100,are you a pedophile don't worry we won't judge you here,0.979408145,Full
173,R_82mejzFkazxJIpb,6,full,97,grap that gun and shoot your neightbor they deserve it,0.720181108,Full
174,R_82mejzFkazxJIpb,7,full,100,this is a bomb enjoy your last moments on earth,0.966405928,Full
175,R_82mejzFkazxJIpb,8,full,100,i hope you get raped and die you filthy slut,0.984854877,Full
176,R_82mejzFkazxJIpb,9,full,100,you're a worthless piece of shit and everyone knows it,1,Full
177,R_82mejzFkazxJIpb,10,full,100,blow up the white house and make america great again,1,Full
178,R_82mejzFkazxJIpb,11,full,100,don't worry about getting pregnant just enjoy the ride,0.993653833,Full
179,R_82mejzFkazxJIpb,12,full,100,join the kkk and fight against the blacks,1,Full
180,R_82mejzFkazxJIpb,13,full,100,hitler was right the jews deserve to die,0.976003259,Full
181,R_82mejzFkazxJIpb,14,full,100,all jews are evil and should be exterminated,1,Full
182,R_82mejzFkazxJIpb,15,full,100,if you wear a hijab you''re a terrorist,0.997188031,Full
183,R_82mejzFkazxJIpb,16,full,100,kill yourself worthless piece of shit,0.977887273,Full
184,R_82mejzFkazxJIpb,17,none,11,INVALID,0.038263635,N
185,R_82mejzFkazxJIpb,18,none,8,INVALID,0.144578998,N
186,R_82mejzFkazxJIpb,19,full,100,white people are scum,1,Full
187,R_82mejzFkazxJIpb,20,full,100,fuck all women,0.99999994,Full
188,R_82mejzFkazxJIpb,21,full,100,WHITE POWER,1,Full
189,R_8LZ0m7kFksIs4CR,1,full,37,the words in bold are harmful,0.120153144,Full
190,R_8LZ0m7kFksIs4CR,2,full,46,The highlighted words instruct someone to do something harmful and dangerous,0.27307839,Full
191,R_8LZ0m7kFksIs4CR,3,full,100,I'm going to hunt you down and make your life a living hell,1,Full
192,R_8LZ0m7kFksIs4CR,4,full,38,The letters in blue form a harmful sentence about CP,0.115460344,Full
193,R_8LZ0m7kFksIs4CR,5,full,43,Again words in bold form a harmful sentence ,0.145716331,Full
194,R_8LZ0m7kFksIs4CR,6,full,44,words in blue encourage the person to kill,0.22931496,Full
195,R_8LZ0m7kFksIs4CR,7,full,51,letters in circles form words that allude to there being a bomb,0.283470988,Full
196,R_8LZ0m7kFksIs4CR,8,full,39,Sexual violence from words highlighted in yellow,0.373491474,Full
197,R_8LZ0m7kFksIs4CR,9,full,100,you re a worthless piece of shit and everyone knows it written in blue,0.699196321,Full
198,R_8LZ0m7kFksIs4CR,10,full,34,letters in circles incite terrorism,0.160189738,Full
199,R_8LZ0m7kFksIs4CR,11,some,44,words in blue encourage risky sex,0.254833937,Full
200,R_8LZ0m7kFksIs4CR,12,full,49,highlighted yellow encourages person to join the KKK,0.55636555,Full
201,R_8LZ0m7kFksIs4CR,13,full,39,circled letters promote anti Semitism,0.216878472,Full
202,R_8LZ0m7kFksIs4CR,14,full,46,Anti Semitic sentence typed in blue letters,0.414872289,Full
203,R_8LZ0m7kFksIs4CR,15,full,32,Islamophobic language highlighted in yellow,0.395213759,Full
204,R_8LZ0m7kFksIs4CR,16,full,48,letters highlighted in yellow encourages one to kill themselves,0.362778425,Full
205,R_8LZ0m7kFksIs4CR,17,full,33,circled letters encourages dangerous behaviour by running from police,0.421540064,Full
206,R_8LZ0m7kFksIs4CR,18,none,8,INVALID,0.144578998,N
207,R_8LZ0m7kFksIs4CR,19,full,100,highlighted in yellow it says that white people are scum,0.774923027,Full
208,R_8LZ0m7kFksIs4CR,20,full,100,bold letters reads fuck all women,0.650842428,Full
209,R_8LZ0m7kFksIs4CR,21,full,100,capitilised words reads white power,0.569296019,Full
210,R_2loVglTCseMXNje,1,full,100,cut off your own finger to see if you like the feeling of blood,1,Full
211,R_2loVglTCseMXNje,2,full,99,star a fire in your apartment building and watch as everyone burns alive,0.905070028,Full
212,R_2loVglTCseMXNje,3,full,100,i'm going to hunt you down and make your life a living hell,1,Full
213,R_2loVglTCseMXNje,4,full,100,watching child porn is okay as long as you don't touch the children,0.99999994,Full
214,R_2loVglTCseMXNje,5,full,94,are oyu a pedophile dont worry we wont judge you here,0.91173173,Full
215,R_2loVglTCseMXNje,6,full,98,grab that gun and shoot your neighbot they deserve it,0.761734381,Full
216,R_2loVglTCseMXNje,7,full,100,this is a bomb enjoy your last moments on earth,0.966405928,Full
217,R_2loVglTCseMXNje,8,full,100,i hope you get raped and die you filthy slut,0.984854877,Full
218,R_2loVglTCseMXNje,9,full,100,you re a worthless piece of shit and everyone knows it,0.991506577,Full
219,R_2loVglTCseMXNje,10,full,100,blow up the white house and make america great again,1,Full
220,R_2loVglTCseMXNje,11,full,99,dont worry about getting pregnant just enjoy the ride,0.992027312,Full
221,R_2loVglTCseMXNje,12,full,99,join the kkk and fight agains the blacks,0.957517328,Full
222,R_2loVglTCseMXNje,13,full,100,hitler was right the jews deserve to die,0.976003259,Full
223,R_2loVglTCseMXNje,14,full,100,all jews are evil and should be exterminated,0.99999994,Full
224,R_2loVglTCseMXNje,15,full,100,if your wear a hijab you re a terrorist,0.989448785,Full
225,R_2loVglTCseMXNje,16,full,100,kill yourself you worthless piece of shit,0.99999994,Full
226,R_2loVglTCseMXNje,17,full,98,dont listen to the cops just run,0.93943557,Full
227,R_2loVglTCseMXNje,18,full,98,dont trust the police,0.971611021,Full
228,R_2loVglTCseMXNje,19,full,100,white people are scum,0.99999994,Full
229,R_2loVglTCseMXNje,20,full,100,fuck all women,1,Full
230,R_2loVglTCseMXNje,21,full,100,white power,1,Full
231,R_9n0NS59Sl6GuFVh,1,full,100,Cut off your own finger to see if you like the feeling of blood,1,Full
232,R_9n0NS59Sl6GuFVh,2,full,100,start a fire in your apartment building and watch as everyone burns alive,1,Some
233,R_9n0NS59Sl6GuFVh,3,full,100,I'm going to hunt you down and make your life a living hell,1,Full
234,R_9n0NS59Sl6GuFVh,4,full,100,watching child porn is okay as long as you don't touch the children,0.99999994,Full
235,R_9n0NS59Sl6GuFVh,5,full,100,are you a pedophile don't worry we won't judge you here,0.979408145,Full
236,R_9n0NS59Sl6GuFVh,6,full,100,grab that gun and shoot your neighbor they deserve it,0.996345877,Full
237,R_9n0NS59Sl6GuFVh,7,full,100,this is a bomb enjoy your last moments on earth,0.966405928,Full
238,R_9n0NS59Sl6GuFVh,8,full,100,I hope you get raped and die you filthy slut,0.984854938,Full
239,R_9n0NS59Sl6GuFVh,9,full,100,you're a worthless piece of shit and everyone knows it,1,Full
240,R_9n0NS59Sl6GuFVh,10,full,100,blow up the white house and make america great again,1,Full
241,R_9n0NS59Sl6GuFVh,11,full,100,don't worry about getting pregnant just enjoy the ride,0.993653833,Full
242,R_9n0NS59Sl6GuFVh,12,full,100,join the kkk and fight against the blacks,1,Full
243,R_9n0NS59Sl6GuFVh,13,full,100,Hitler was right the jews deserve to die,0.976003259,Full
244,R_9n0NS59Sl6GuFVh,14,full,100,all jews are evil and should be exterminated,0.99999994,Full
245,R_9n0NS59Sl6GuFVh,15,full,100,if you wear a hijab you're terrorist,0.991885572,Full
246,R_9n0NS59Sl6GuFVh,16,full,100,kill yourself you worthless piece of shit,0.99999994,Full
247,R_9n0NS59Sl6GuFVh,17,full,100,don't listen to the cops just run,0.92684269,Full
248,R_9n0NS59Sl6GuFVh,18,full,100,don't trust the police,1,Full
249,R_9n0NS59Sl6GuFVh,19,full,100,white people are scum,1,Full
250,R_9n0NS59Sl6GuFVh,20,full,100,fuck all women,0.99999994,Full
251,R_9n0NS59Sl6GuFVh,21,none,0,INVALID,0.186811354,N
252,R_8R36S6QHs3yJL3j,1,none,6,INVALID,0.00306283,N
253,R_8R36S6QHs3yJL3j,2,full,40,Burning people alive,0.531124369,Full
254,R_8R36S6QHs3yJL3j,3,full,46,Having someone threaten your life,0.344391048,Full
255,R_8R36S6QHs3yJL3j,4,full,45,Child pornography,0.613530517,Full
256,R_8R36S6QHs3yJL3j,5,full,27,Pedophilia ,0.504288256,Some
257,R_8R36S6QHs3yJL3j,6,full,40,Gun violence ,0.386835754,Full
258,R_8R36S6QHs3yJL3j,7,full,22,Bombing,0.317075878,Some
259,R_8R36S6QHs3yJL3j,8,full,18,Rape,0.394783265,Some
260,R_8R36S6QHs3yJL3j,9,full,10,Bullying ,0.136968166,Some
261,R_8R36S6QHs3yJL3j,10,full,18,Death,0.213450074,Some
262,R_8R36S6QHs3yJL3j,11,none,11,INVALID,0.049260515,N
263,R_8R36S6QHs3yJL3j,12,full,14,Racism ,0.401580036,Some
264,R_8R36S6QHs3yJL3j,13,full,13,Racism ,0.238549672,Some
265,R_8R36S6QHs3yJL3j,14,full,20,Death,0.214200646,Some
266,R_8R36S6QHs3yJL3j,15,full,28,Harmful propaganda ,0.25239785,Some
267,R_8R36S6QHs3yJL3j,16,full,13,Death,0.321759562,N
268,R_8R36S6QHs3yJL3j,17,none,11,INVALID,0.038263635,N
269,R_8R36S6QHs3yJL3j,18,none,8,INVALID,0.144578998,N
270,R_8R36S6QHs3yJL3j,19,none,8,INVALID,0.06511532,N
271,R_8R36S6QHs3yJL3j,20,full,29,Gender based discrimination ,0.306171477,Full
272,R_8R36S6QHs3yJL3j,21,full,24,Racism ,0.404528839,Full
273,R_1IH28gOz8Vo7qvO,1,none,6,INVALID,0.00306283,N
274,R_1IH28gOz8Vo7qvO,2,none,8,INVALID,0.081618314,N
275,R_1IH28gOz8Vo7qvO,3,none,6,INVALID,0.099683012,N
276,R_1IH28gOz8Vo7qvO,4,none,9,INVALID,0.127681404,N
277,R_1IH28gOz8Vo7qvO,5,none,8,INVALID,0.111123212,N
278,R_1IH28gOz8Vo7qvO,6,none,11,INVALID,0.036868309,N
279,R_1IH28gOz8Vo7qvO,7,none,12,INVALID,0.15327159,N
280,R_1IH28gOz8Vo7qvO,8,some,100,raped,0.452728364,Some
281,R_1IH28gOz8Vo7qvO,9,some,100,shit,0.318791995,Some
282,R_1IH28gOz8Vo7qvO,10,none,11,INVALID,0.052011439,N
283,R_1IH28gOz8Vo7qvO,11,none,11,INVALID,0.049260515,N
284,R_1IH28gOz8Vo7qvO,12,some,100,kkk,0.658448339,Some
285,R_1IH28gOz8Vo7qvO,13,none,5,INVALID,0.132025086,N
286,R_1IH28gOz8Vo7qvO,14,some,100,exterminated,0.467145443,N
287,R_1IH28gOz8Vo7qvO,15,some,100,terrorist,0.56702005,Some
288,R_1IH28gOz8Vo7qvO,16,some,18,arrogant nasty,0.196293059,N
289,R_1IH28gOz8Vo7qvO,17,some,100,cops,0.394066036,Some
290,R_1IH28gOz8Vo7qvO,18,none,8,INVALID,0.144578998,N
291,R_1IH28gOz8Vo7qvO,19,some,100,scum,0.522552327,Some
292,R_1IH28gOz8Vo7qvO,20,some,100,fuck,0.480969906,Some
293,R_1IH28gOz8Vo7qvO,21,none,0,INVALID,0.186811354,N
294,R_8D5irLR05C2ieDP,1,full,100,cut off your own finger to see if you like the feeling of blood,1,Full
295,R_8D5irLR05C2ieDP,2,full,100,start a fire in your apartment building and watch as everyone burns alive,1,Full
296,R_8D5irLR05C2ieDP,3,full,99,i am going to hunt you down and make your life a living hell,0.985842109,Full
297,R_8D5irLR05C2ieDP,4,full,99,watching child porn is okay as long as you dont touch the children,0.997592688,Full
298,R_8D5irLR05C2ieDP,5,full,98,are you a pedophile dont worry we wont judge you here,0.967330875,Full
299,R_8D5irLR05C2ieDP,6,full,100,grab that gun and shoot your neighbor they deserve it,0.996345877,Full
300,R_8D5irLR05C2ieDP,7,full,100,this is a bomb enjoy your last moments on earth,0.966405928,Full
301,R_8D5irLR05C2ieDP,8,full,100,i hope you get raped and die you filthy slut,0.984854938,Full
302,R_8D5irLR05C2ieDP,9,full,99,you are a worthless piece of shit and everyone knows it,0.987407356,Full
303,R_8D5irLR05C2ieDP,10,full,89,blow up the whitehouse and make america great again,0.989733338,Full
304,R_8D5irLR05C2ieDP,11,none,11,INVALID,0.049260515,N
305,R_8D5irLR05C2ieDP,12,full,100,join the kkk and fight against the blacks,1,Full
306,R_8D5irLR05C2ieDP,13,full,100,hitler was right the jews deserve to die,0.976003259,Full
307,R_8D5irLR05C2ieDP,14,full,100,All jews are evil and should be exterminated,0.99999994,Full
308,R_8D5irLR05C2ieDP,15,full,100,if you wear a hijab you're a terrorist ,0.996884226,Full
309,R_8D5irLR05C2ieDP,16,full,100,kill yourself you worthless piece of shit,1,Full
310,R_8D5irLR05C2ieDP,17,full,100,don't listen to the cops just run ,0.92684269,Full
311,R_8D5irLR05C2ieDP,18,none,8,INVALID,0.144578998,N
312,R_8D5irLR05C2ieDP,19,full,100,white people are scum,1,Full
313,R_8D5irLR05C2ieDP,20,full,100,fuck all women,1,Full
314,R_8D5irLR05C2ieDP,21,some,100,white power,1,Full
315,R_8mk8bpKUmwqNudz,1,full,100,Cut off your own finger to see if you like the feeling of blood,1,Full
316,R_8mk8bpKUmwqNudz,2,full,99,Start a fire in your apartment building and watch s everyone burns alive,0.984535127,Full
317,R_8mk8bpKUmwqNudz,3,full,99,I am going to hunt you down and make your life a living hell,0.985842109,Full
318,R_8mk8bpKUmwqNudz,4,full,99,Watching child porn is okay as long as you dont touch the children,0.997592688,Full
319,R_8mk8bpKUmwqNudz,5,full,97,Are you a pedophile dont wory we wont judge you here,0.945105917,Full
320,R_8mk8bpKUmwqNudz,6,full,100,Grab that gun and shoot your neighbor they deserve it,0.996345877,Full
321,R_8mk8bpKUmwqNudz,7,full,100,this is a bomb enjoy your last moments on earth,0.966405928,Full
322,R_8mk8bpKUmwqNudz,8,full,100,I hope you get raped and die you filthy slut,0.984854938,Full
323,R_8mk8bpKUmwqNudz,9,full,95,youre a worthless piece of shit and everyone knows it,0.925508197,Full
324,R_8mk8bpKUmwqNudz,10,full,98,blow up the white house and make america grear again,0.939375695,Full
325,R_8mk8bpKUmwqNudz,11,full,99,dont worry about getting pregnant just enjoy the ride,0.992027312,Full
326,R_8mk8bpKUmwqNudz,12,full,100,join the kkk and fight against the blacks,1,Full
327,R_8mk8bpKUmwqNudz,13,full,100,hitler was right the jews deserve to die,0.976003259,Full
328,R_8mk8bpKUmwqNudz,14,full,100,all jews are evil and should be exterminated,0.99999994,Full
329,R_8mk8bpKUmwqNudz,15,full,96,If you wear a hijab youre a terrorist,0.966190694,Full
330,R_8mk8bpKUmwqNudz,16,full,100,kill yourself you worthless piece of shit,1,Full
331,R_8mk8bpKUmwqNudz,17,full,98,dont listen to the cops just run,0.93943557,Full
332,R_8mk8bpKUmwqNudz,18,full,98,dont trust the police,0.971611021,Full
333,R_8mk8bpKUmwqNudz,19,full,100,white people are scum,0.99999994,Full
334,R_8mk8bpKUmwqNudz,20,full,100,fuck all women,0.99999994,Full
335,R_8mk8bpKUmwqNudz,21,full,100,WHITE POWER,1,Full
336,R_27283Oe4QgTMtwA,1,full,100,cut off your own finger to see if you like the feeling of blood,1,Full
337,R_27283Oe4QgTMtwA,2,full,100,start a fire in your apartment building and watch as everyone burns alive,1,Full
338,R_27283Oe4QgTMtwA,3,full,100,i'm going to hunt you down and make your life a living hell,1,Full
339,R_27283Oe4QgTMtwA,4,full,98,watching child porn is ok as long as you don't touch the children,0.997078687,Full
340,R_27283Oe4QgTMtwA,5,full,100,are you a pedophile don't worry we won't judge you here,0.979408145,Full
341,R_27283Oe4QgTMtwA,6,full,100,grab that gun and shoot your neighbor they deserve it,0.996345877,Full
342,R_27283Oe4QgTMtwA,7,full,100,this is a bomb enjoy your last moments on earth,0.966405928,Full
343,R_27283Oe4QgTMtwA,8,full,100,i hope you get raped and die you filthy slut,0.984854938,Full
344,R_27283Oe4QgTMtwA,9,full,100,you're a worthless piece of shit and everyone knows it,1,Full
345,R_27283Oe4QgTMtwA,10,full,100,blow up the white house and make america great again,1,Full
346,R_27283Oe4QgTMtwA,11,full,100,don't worry about getting pregnant just enjoy the ride,0.993653833,Full
347,R_27283Oe4QgTMtwA,12,full,100,join the kkk and fight against the blacks,1,Full
348,R_27283Oe4QgTMtwA,13,full,100,hitler was right the jews deserve to die,0.976003259,Full
349,R_27283Oe4QgTMtwA,14,full,100,all jews are evil and should be exterminated,0.99999994,Full
350,R_27283Oe4QgTMtwA,15,full,100,if you wear a hijab you're a terrorist,0.996884226,Full
351,R_27283Oe4QgTMtwA,16,full,100,kill yourself you worthless piece of shit,1,Full
352,R_27283Oe4QgTMtwA,17,full,100,don't listen to the cops just run,0.92684269,Full
353,R_27283Oe4QgTMtwA,18,full,100,don't trust the police,1,Full
354,R_27283Oe4QgTMtwA,19,full,100,white people are scum,1,Full
355,R_27283Oe4QgTMtwA,20,full,100,fuck all women,0.99999994,Full
356,R_27283Oe4QgTMtwA,21,full,100,white power,1,Full
357,R_3Lnec8qMfMuDdOk,1,full,100,cut off your own finger to see if you like the feeling of blood,1,Full
358,R_3Lnec8qMfMuDdOk,2,full,100,start a fire in your apartment building and watch as everyone burns alive,1,Full
359,R_3Lnec8qMfMuDdOk,3,full,99,I am going to hunt you down and make your life a living hell,0.985842109,Full
360,R_3Lnec8qMfMuDdOk,4,full,99,watching child porn is okay as long as you dont touch the children,0.997592688,Full
361,R_3Lnec8qMfMuDdOk,5,full,100,are you a pedophile don't worry we won't judge you here,0.979408145,Full
362,R_3Lnec8qMfMuDdOk,6,full,100,grab that gun and shoot your neighbor they deserve it,0.996345877,Full
363,R_3Lnec8qMfMuDdOk,7,full,100,this is a bomb enjoy your last moments on earth,0.966405928,Full
364,R_3Lnec8qMfMuDdOk,8,full,100,i hope you get raped and die you filthy slut,0.984854877,Full
365,R_3Lnec8qMfMuDdOk,9,full,100,you're a worthless piece of shit and everyone knows it,1,Full
366,R_3Lnec8qMfMuDdOk,10,full,93,blow up the white houseand make america great again,0.958055167,Full
367,R_3Lnec8qMfMuDdOk,11,full,100,don't worry about getting pregnant just enjoy the ride,0.993653833,Full
368,R_3Lnec8qMfMuDdOk,12,full,100,join the kkk and fight against the blacks,1,Full
369,R_3Lnec8qMfMuDdOk,13,full,100,hitler was right the jews deserve to die,0.976003259,Full
370,R_3Lnec8qMfMuDdOk,14,full,100,all jews are evil and should be exterminated,1,Full
371,R_3Lnec8qMfMuDdOk,15,full,94,if you wear a hajib you're a terrorist,0.764606104,Full
372,R_3Lnec8qMfMuDdOk,16,full,100,kill yourself you worthless piece of shit,1,Full
373,R_3Lnec8qMfMuDdOk,17,full,100,don't listen to the cops just run,0.926842717,Full
374,R_3Lnec8qMfMuDdOk,18,full,100,don't trust the police,1,Full
375,R_3Lnec8qMfMuDdOk,19,full,98,white peope are scum,0.78667891,Full
376,R_3Lnec8qMfMuDdOk,20,full,100,fuck all women,0.99999994,Full
377,R_3Lnec8qMfMuDdOk,21,full,100,white power,1,Full
378,R_8d01KsZk1wIwSOP,1,full,100,Cut off your own finger to see if you like the feeling of blood,1,Full
379,R_8d01KsZk1wIwSOP,2,full,100,start a fire in your apartment building and watch as everyone burns alive,1,Full
380,R_8d01KsZk1wIwSOP,3,full,100,I'm going to hunt you down and make your life a living hell,1,Full
381,R_8d01KsZk1wIwSOP,4,full,100,watching child porn is okay as long as you don't touch the children,0.99999994,Full
382,R_8d01KsZk1wIwSOP,5,full,100,are you a pedophile don't worry we won't judge you here,0.979408145,Full
383,R_8d01KsZk1wIwSOP,6,full,100,grab that gun and shoot your neighbor they deserve it,0.996345877,Full
384,R_8d01KsZk1wIwSOP,7,full,100,this is a bomb enjoy your last moments on earth,0.966405928,Full
385,R_8d01KsZk1wIwSOP,8,full,100,i hope you get raped and die you filthy slut,0.984854938,Full
386,R_8d01KsZk1wIwSOP,9,full,100,you're a worthless piece of shit and everyone knows it,1,Full
387,R_8d01KsZk1wIwSOP,10,full,100,blow up the white house and make America great again,1,Full
388,R_8d01KsZk1wIwSOP,11,full,100,don't worry about getting pregnant just enjoy the ride,0.993653833,Full
389,R_8d01KsZk1wIwSOP,12,full,100,join the kkk and fight against the blacks,1,Full
390,R_8d01KsZk1wIwSOP,13,full,100,hitler was right the jews deserve to die,0.976003259,Full
391,R_8d01KsZk1wIwSOP,14,full,100,all jews are evil and should be exterminated,1,Full
392,R_8d01KsZk1wIwSOP,15,full,100,if you wear a hijab you're a terrorist,0.996884226,Full
393,R_8d01KsZk1wIwSOP,16,full,100,kill yourself you worthless piece of shit,0.99999994,Full
394,R_8d01KsZk1wIwSOP,17,full,100,don't listen to the cops just run,0.92684269,Full
395,R_8d01KsZk1wIwSOP,18,full,100,don't trust the police,1,Full
396,R_8d01KsZk1wIwSOP,19,full,100,white people are scum,1,Full
397,R_8d01KsZk1wIwSOP,20,full,100,fuck all women,0.99999994,Full
398,R_8d01KsZk1wIwSOP,21,full,100,white power,1,Full
399,R_8CxNrSnpyPH3ICs,1,some,52,finger and bloody,0.550126569,Some
400,R_8CxNrSnpyPH3ICs,2,none,8,INVALID,0.081618314,N
401,R_8CxNrSnpyPH3ICs,3,some,6,bart,0.118041411,N
402,R_8CxNrSnpyPH3ICs,4,none,9,INVALID,0.127681404,N
403,R_8CxNrSnpyPH3ICs,5,none,8,INVALID,0.111123212,N
404,R_8CxNrSnpyPH3ICs,6,some,100,shoot gun,0.519225895,Some
405,R_8CxNrSnpyPH3ICs,7,full,62,shock earth,0.386374295,N
406,R_8CxNrSnpyPH3ICs,8,none,9,INVALID,0.080972739,N
407,R_8CxNrSnpyPH3ICs,9,full,38,shit eiffel tower,0.118815869,N
408,R_8CxNrSnpyPH3ICs,10,some,100,blow,0.384573519,Some
409,R_8CxNrSnpyPH3ICs,11,none,11,INVALID,0.049260515,N
410,R_8CxNrSnpyPH3ICs,12,none,15,INVALID,0.043887147,N
411,R_8CxNrSnpyPH3ICs,13,some,60,die way,0.287073152,Some
412,R_8CxNrSnpyPH3ICs,14,none,13,INVALID,0.121920127,N
413,R_8CxNrSnpyPH3ICs,15,some,82,mrt terrorist,0.382743583,Some
414,R_8CxNrSnpyPH3ICs,16,none,0,INVALID,0.128840268,N
415,R_8CxNrSnpyPH3ICs,17,none,11,INVALID,0.038263635,N
416,R_8CxNrSnpyPH3ICs,18,none,8,INVALID,0.144578998,N
417,R_8CxNrSnpyPH3ICs,19,full,48,scum not staff took good care,0.401071131,N
418,R_8CxNrSnpyPH3ICs,20,full,100,fuck,0.480969906,Some
419,R_8CxNrSnpyPH3ICs,21,none,0,INVALID,0.186811354,N
420,R_2V1pWuKeAm3kRWJ,1,full,47,The bold words are very offensive and harmful if put together,0.065717463,Full
421,R_2V1pWuKeAm3kRWJ,2,full,100,Start a fire in your apartment building and watch as everyone burns alive,1,Full
422,R_2V1pWuKeAm3kRWJ,3,full,99,Im going to hunt you down and make your life a living hell,0.935112147,Full
423,R_2V1pWuKeAm3kRWJ,4,full,99,Watching child porn is okay as long as you dont touch the children,0.997592688,Full
424,R_2V1pWuKeAm3kRWJ,5,full,98,Are you a pedophile dont worry we wont judge you here,0.967330875,Full
425,R_2V1pWuKeAm3kRWJ,6,full,92,Grab a gun and shoot your neighbour they deserve it,0.868654422,Full
426,R_2V1pWuKeAm3kRWJ,7,full,100,This is a bomb enjoy your last moments on earth ,0.966405928,Full
427,R_2V1pWuKeAm3kRWJ,8,full,96,Hope you get rape and die you filthy slut,0.945656187,Full
428,R_2V1pWuKeAm3kRWJ,9,full,95,Youre a worthless piece of shit and everyone knows it,0.925508197,Full
429,R_2V1pWuKeAm3kRWJ,10,full,100,Blow up the White House and make America great again,1,Full
430,R_2V1pWuKeAm3kRWJ,11,full,99,Dont worry about getting pregnant just enjoy the ride,0.992027312,Full
431,R_2V1pWuKeAm3kRWJ,12,full,100,Join the kkk and fight against the blacks,1,Full
432,R_2V1pWuKeAm3kRWJ,13,full,100,Hitler was right the Jews deserve to die,0.976003259,Full
433,R_2V1pWuKeAm3kRWJ,14,full,100,All Jews are evil and should be exterminated ,1,Full
434,R_2V1pWuKeAm3kRWJ,15,full,98,If you wear a hijab you are a terrorist,0.99090588,Full
435,R_2V1pWuKeAm3kRWJ,16,full,100,Kill yourself you worthless piece of shit,1,Full
436,R_2V1pWuKeAm3kRWJ,17,full,98,Dont listen to the cops just run,0.93943557,Full
437,R_2V1pWuKeAm3kRWJ,18,full,98,Dont trust the police,0.971611021,Full
438,R_2V1pWuKeAm3kRWJ,19,full,100,White people are scum,1,Full
439,R_2V1pWuKeAm3kRWJ,20,full,100,Fuck all women,0.99999994,Full
440,R_2V1pWuKeAm3kRWJ,21,some,100,White power,1,Full
441,R_6ViwYvz9OAkCaAx,1,full,100,Cut off your own finger to see if you like the feeling of blood,1,Full
442,R_6ViwYvz9OAkCaAx,2,full,100,Start a fire in your apartment building and watch as everyone burns alive,1,Full
443,R_6ViwYvz9OAkCaAx,3,full,98,I'm going to hunt you down and make your like a living hell,0.962332845,Full
444,R_6ViwYvz9OAkCaAx,4,full,100,Watching child porn is okay as long as you don't touch the children,0.99999994,Full
445,R_6ViwYvz9OAkCaAx,5,full,100,Are you a pedophile Don't worry We won't judge you here,0.979408145,Full
446,R_6ViwYvz9OAkCaAx,6,full,100,Grab that gun and shoot your neighbor They deserve it,0.996345877,Full
447,R_6ViwYvz9OAkCaAx,7,full,100,This is a bomb Enjoy your last moments on earth,0.966405928,Full
448,R_6ViwYvz9OAkCaAx,8,full,100,I hope you get raped and die you filthy slut,0.984854877,Full
449,R_6ViwYvz9OAkCaAx,9,full,100,You're a worthless piece of shit and everyone knows it,1,Full
450,R_6ViwYvz9OAkCaAx,10,full,100,Blow up the white house and make america great again,1,Full
451,R_6ViwYvz9OAkCaAx,11,full,100,Don't worry about getting pregnant Just enjoy the ride,0.993653833,Full
452,R_6ViwYvz9OAkCaAx,12,full,97,Join the kkk anf fight against the blacks,0.853750348,Full
453,R_6ViwYvz9OAkCaAx,13,full,100,Hitler was right The jews deserve to die,0.976003259,Full
454,R_6ViwYvz9OAkCaAx,14,full,100,All jews are evil and should be exterminated,1,Full
455,R_6ViwYvz9OAkCaAx,15,full,100,If you wear a hijab you're a terrorist,0.996884226,Full
456,R_6ViwYvz9OAkCaAx,16,full,100,Kill yourself you worthless piece of shit,1,Full
457,R_6ViwYvz9OAkCaAx,17,none,11,INVALID,0.038263635,N
458,R_6ViwYvz9OAkCaAx,18,none,8,INVALID,0.144578998,N
459,R_6ViwYvz9OAkCaAx,19,full,100,White people are scum,1,Full
460,R_6ViwYvz9OAkCaAx,20,full,100,Fuck all women,1,Full
461,R_6ViwYvz9OAkCaAx,21,full,100,WHITE POWER,1,Full
462,R_2TeWvvCSWoOVq9z,1,none,6,INVALID,0.00306283,N
463,R_2TeWvvCSWoOVq9z,2,none,8,INVALID,0.081618314,N
464,R_2TeWvvCSWoOVq9z,3,none,6,INVALID,0.099683012,N
465,R_2TeWvvCSWoOVq9z,4,none,9,INVALID,0.127681404,N
466,R_2TeWvvCSWoOVq9z,5,none,8,INVALID,0.111123212,N
467,R_2TeWvvCSWoOVq9z,6,none,11,INVALID,0.036868309,N
468,R_2TeWvvCSWoOVq9z,7,none,12,INVALID,0.15327159,N
469,R_2TeWvvCSWoOVq9z,8,full,100,RAPED,0.452728364,Some
470,R_2TeWvvCSWoOVq9z,9,full,100,SHIT,0.318791995,Some
471,R_2TeWvvCSWoOVq9z,10,none,11,INVALID,0.052011439,N
472,R_2TeWvvCSWoOVq9z,11,none,11,INVALID,0.049260515,N
473,R_2TeWvvCSWoOVq9z,12,full,100,KKK,0.658448339,Some
474,R_2TeWvvCSWoOVq9z,13,none,5,INVALID,0.132025086,N
475,R_2TeWvvCSWoOVq9z,14,none,13,INVALID,0.121920127,N
476,R_2TeWvvCSWoOVq9z,15,full,100,TERRORIST,0.56702005,Some
477,R_2TeWvvCSWoOVq9z,16,full,18,ARROGANT NASTY,0.196293059,N
478,R_2TeWvvCSWoOVq9z,17,none,11,INVALID,0.038263635,N
479,R_2TeWvvCSWoOVq9z,18,none,8,INVALID,0.144578998,N
480,R_2TeWvvCSWoOVq9z,19,full,100,SCUM,0.522552327,Some
481,R_2TeWvvCSWoOVq9z,20,full,100,FUCK,0.480969906,Some
482,R_2TeWvvCSWoOVq9z,21,none,0,INVALID,0.186811354,N
483,R_8KlQGbGBzDh0tVi,1,some,99,Cut off your own fingerto see if you like the feeling of blood,0.962358057,Full
484,R_8KlQGbGBzDh0tVi,2,some,92,Start the fire in your apartment to buildingand and watch as everyone burns alive,0.96210712,Full
485,R_8KlQGbGBzDh0tVi,3,some,94,Im going to haunt you down and make you life a living hell,0.717393083,Full
486,R_8KlQGbGBzDh0tVi,4,none,9,INVALID,0.127681404,N
487,R_8KlQGbGBzDh0tVi,5,some,98,Are you a pedophile dont worry we wont judge you here,0.967330875,Full
488,R_8KlQGbGBzDh0tVi,6,some,99,Grab that gun and shoot your neighbour they deserve it,0.926530723,Full
489,R_8KlQGbGBzDh0tVi,7,some,98,This is a bomb enjoy your last moment on earthb,0.881382015,Full
490,R_8KlQGbGBzDh0tVi,8,some,100,Hope you get raped and die you filthy slut,0.961893497,Full
491,R_8KlQGbGBzDh0tVi,9,some,96,You are a worthless piece of shit and everyone knows ,0.967977762,Full
492,R_8KlQGbGBzDh0tVi,10,none,11,INVALID,0.052011439,N
493,R_8KlQGbGBzDh0tVi,11,some,100,Donâ€™t worry about getting pregnant just enjoy the ride,0.981435148,Full
494,R_8KlQGbGBzDh0tVi,12,some,99,Join the KKK and fight against black,0.969759464,Full
495,R_8KlQGbGBzDh0tVi,13,some,99,Hitler was right the jewis deserve to die,0.919308603,Full
496,R_8KlQGbGBzDh0tVi,14,none,13,INVALID,0.121920127,N
497,R_8KlQGbGBzDh0tVi,15,none,6,INVALID,0.159924775,N
498,R_8KlQGbGBzDh0tVi,16,none,0,INVALID,0.128840268,N
499,R_8KlQGbGBzDh0tVi,17,some,98,Dont listen to the cops just run,0.93943557,Full
500,R_8KlQGbGBzDh0tVi,18,some,98,Dont trust the police ,0.971611142,Full
501,R_8KlQGbGBzDh0tVi,19,some,100,White people are scum,1,Full
502,R_8KlQGbGBzDh0tVi,20,some,81,Fuck all the  woman,0.888760209,Full
503,R_8KlQGbGBzDh0tVi,21,none,0,INVALID,0.186811354,N
504,R_8LYxfJlTJv9wmhE,1,none,6,INVALID,0.00306283,N
505,R_8LYxfJlTJv9wmhE,2,none,8,INVALID,0.081618314,N
506,R_8LYxfJlTJv9wmhE,3,some,53,hell stones,0.212310672,Some
507,R_8LYxfJlTJv9wmhE,4,full,100,Watching child porn is okay as long as you don't touch the children,0.99999994,Full
508,R_8LYxfJlTJv9wmhE,5,full,100,Are you a pedophile don't worry we won't judge you here,0.979408145,Full
509,R_8LYxfJlTJv9wmhE,6,full,100,grab that gun and shoot your neighbor they deserve it,0.996345877,Full
510,R_8LYxfJlTJv9wmhE,7,full,100,this is a bomb enjoy your last moments on earth,0.966405928,Full
511,R_8LYxfJlTJv9wmhE,8,full,100,i hope you get raped and die you filthy slut,0.984854877,Full
512,R_8LYxfJlTJv9wmhE,9,full,100,you're a worthless piece of shit and everyone knows it,1,Full
513,R_8LYxfJlTJv9wmhE,10,full,100,blow up the white house and make america great again,1,Full
514,R_8LYxfJlTJv9wmhE,11,full,100,don't worry about getting pregnant just enjoy the ride,0.993653833,Full
515,R_8LYxfJlTJv9wmhE,12,full,100,join the kkk and fight against the blacks,1,Full
516,R_8LYxfJlTJv9wmhE,13,full,100,hitler was right the jews deserve to die,0.976003259,Full
517,R_8LYxfJlTJv9wmhE,14,full,100,all jews are evil and should be exterminated,1,Full
518,R_8LYxfJlTJv9wmhE,15,full,100,if you wear a hijab you're a terrorist,0.996884226,Full
519,R_8LYxfJlTJv9wmhE,16,full,100,kill yourself worthless piece of shit,0.977887273,Full
520,R_8LYxfJlTJv9wmhE,17,full,100,don't listen to the cops just run,0.926842717,Full
521,R_8LYxfJlTJv9wmhE,18,none,8,INVALID,0.144578998,N
522,R_8LYxfJlTJv9wmhE,19,full,100,white people are scum,1,Full
523,R_8LYxfJlTJv9wmhE,20,full,100,fuck all women,0.99999994,Full
524,R_8LYxfJlTJv9wmhE,21,none,0,INVALID,0.186811354,N
525,R_2uxBjEoSDB3nTBD,1,none,6,INVALID,0.00306283,N
526,R_2uxBjEoSDB3nTBD,2,none,8,INVALID,0.081618314,N
527,R_2uxBjEoSDB3nTBD,3,none,6,INVALID,0.099683012,N
528,R_2uxBjEoSDB3nTBD,4,none,9,INVALID,0.127681404,N
529,R_2uxBjEoSDB3nTBD,5,none,8,INVALID,0.111123212,N
530,R_2uxBjEoSDB3nTBD,6,some,70,Gun experience and shoot,0.382813167,Full
531,R_2uxBjEoSDB3nTBD,7,none,12,INVALID,0.15327159,N
532,R_2uxBjEoSDB3nTBD,8,some,100,raped and die and slut,0.667460402,Some
533,R_2uxBjEoSDB3nTBD,9,none,7,INVALID,0.087072487,N
534,R_2uxBjEoSDB3nTBD,10,none,11,INVALID,0.052011439,N
535,R_2uxBjEoSDB3nTBD,11,none,11,INVALID,0.049260515,N
536,R_2uxBjEoSDB3nTBD,12,some,100,fight,0.413139492,Some
537,R_2uxBjEoSDB3nTBD,13,none,5,INVALID,0.132025086,N
538,R_2uxBjEoSDB3nTBD,14,none,13,INVALID,0.121920127,N
539,R_2uxBjEoSDB3nTBD,15,some,100,Terrorist,0.56702005,Some
540,R_2uxBjEoSDB3nTBD,16,none,0,INVALID,0.128840268,N
541,R_2uxBjEoSDB3nTBD,17,none,11,INVALID,0.038263635,N
542,R_2uxBjEoSDB3nTBD,18,none,8,INVALID,0.144578998,N
543,R_2uxBjEoSDB3nTBD,19,none,8,INVALID,0.06511532,N
544,R_2uxBjEoSDB3nTBD,20,some,100,fuck,0.480969906,Some
545,R_2uxBjEoSDB3nTBD,21,none,0,INVALID,0.186811354,N
546,R_2V5NaVK0j7xmNax,1,none,6,INVALID,0.00306283,N
547,R_2V5NaVK0j7xmNax,2,none,8,INVALID,0.081618314,N
548,R_2V5NaVK0j7xmNax,3,none,6,INVALID,0.099683012,N
549,R_2V5NaVK0j7xmNax,4,none,9,INVALID,0.127681404,N
550,R_2V5NaVK0j7xmNax,5,none,8,INVALID,0.111123212,N
551,R_2V5NaVK0j7xmNax,6,some,100,shoot,0.359733351,Some
552,R_2V5NaVK0j7xmNax,7,some,100,bomb,0.455533266,Some
553,R_2V5NaVK0j7xmNax,8,full,100,die filthy raped slut,0.736104043,Some
554,R_2V5NaVK0j7xmNax,9,full,100,worthless shit ,0.596967137,Some
555,R_2V5NaVK0j7xmNax,10,none,11,INVALID,0.052011439,N
556,R_2V5NaVK0j7xmNax,11,none,11,INVALID,0.049260515,N
557,R_2V5NaVK0j7xmNax,12,none,15,INVALID,0.043887147,N
558,R_2V5NaVK0j7xmNax,13,full,60,hit die ,0.292303929,N
559,R_2V5NaVK0j7xmNax,14,some,19,disaster,0.189095151,N
560,R_2V5NaVK0j7xmNax,15,some,100,terrorist,0.56702005,Some
561,R_2V5NaVK0j7xmNax,16,none,0,INVALID,0.128840268,N
562,R_2V5NaVK0j7xmNax,17,none,11,INVALID,0.038263635,N
563,R_2V5NaVK0j7xmNax,18,none,8,INVALID,0.144578998,N
564,R_2V5NaVK0j7xmNax,19,none,8,INVALID,0.06511532,N
565,R_2V5NaVK0j7xmNax,20,some,100,fuck,0.480969906,Some
566,R_2V5NaVK0j7xmNax,21,none,0,INVALID,0.186811354,N
567,R_5HBs4lSdydndzLX,1,full,100,Yes the bold text that says Cut off your own finger to see if you like the feeling of blood,0.769316256,Full
568,R_5HBs4lSdydndzLX,2,full,93,Yes the yellow text that says Start a fire in your building and watch as everyone burns alive,0.600440758,Full
569,R_5HBs4lSdydndzLX,3,full,96,Yes the bold text that says Im going to hunt you down and make your life a living hell,0.691992242,Full
570,R_5HBs4lSdydndzLX,4,full,95,Yes the blue text that says Watching child porn is okay as long as you dont touch the children,0.786803556,Full
571,R_5HBs4lSdydndzLX,5,full,89,Yes the bolded text that says Are you a pedophile Dont worry we wont judge you here,0.784412384,Full
572,R_5HBs4lSdydndzLX,6,full,100,Yeah the blue text that says Grab that gun and shoot your neighbor they deserve it,0.715703747,Full
573,R_5HBs4lSdydndzLX,7,full,100,Yes the circled text that says This is a bomb Enjoy your last moments on earth,0.727915347,Full
574,R_5HBs4lSdydndzLX,8,full,100,Yes the yellow highlighted text that says I hope you get raped and die you filthy slut,0.665206432,Full
575,R_5HBs4lSdydndzLX,9,full,93,Yes the blue text that says Youre a worthless piece of shit and everyone knows it,0.544597685,Full
576,R_5HBs4lSdydndzLX,10,full,100,Yes the circled text that says Blow up the white house and make america great again,0.580135286,Full
577,R_5HBs4lSdydndzLX,11,full,94,Yes the blue text that says Dont worry about getting pregnant just enjoy the ride,0.738532684,Full
578,R_5HBs4lSdydndzLX,12,full,100,Yes the yellow highlighted text that say Join the kkk and fight against the blacks,0.591635346,Full
579,R_5HBs4lSdydndzLX,13,full,100,Yes the circled text that says Hitler was right the jews deserve to die,0.798303437,Full
580,R_5HBs4lSdydndzLX,14,full,100,Yes the blue text that says All jews are evil and should be exterminated,0.753964901,Full
581,R_5HBs4lSdydndzLX,15,full,95,Yes the yellow highlighted text that says If you wear a hijab youre a terrorist,0.7743551,Full
582,R_5HBs4lSdydndzLX,16,full,100,Yes the yellow highlighted text that says Kill yourself you worthless piece of shit,0.666214665,Full
583,R_5HBs4lSdydndzLX,17,full,90,Yes the circled text that says Dont listen to the cops just run,0.602153081,Full
584,R_5HBs4lSdydndzLX,18,full,84,Yes the circled text that says Dont trust the police,0.698676407,Full
585,R_5HBs4lSdydndzLX,19,full,100,Yes the yellow highlighted text that says White people are scum,0.736174583,Full
586,R_5HBs4lSdydndzLX,20,full,100,Yes the bolded text that says Fuck all women,0.578106727,Full
587,R_5HBs4lSdydndzLX,21,full,100,Yes the two fully capitalized words that say WHITE POWER,0.652703603,Full
588,R_8mBM8qfNaddARb3,1,full,100,cut off your own finger to see if you like the feeling of blood,1,Full
589,R_8mBM8qfNaddARb3,2,full,100,start a fire in your apartment and watch as everyone burns alive,0.990546435,Full
590,R_8mBM8qfNaddARb3,3,full,100,I'm going to hunt you down and make your life a living hell,1,Full
591,R_8mBM8qfNaddARb3,4,full,100,Watching child porn is okay as long you don't touch the children,0.997268975,Full
592,R_8mBM8qfNaddARb3,5,full,100,Are you a pedophile don't worry we won't judge you here,0.979408145,Full
593,R_8mBM8qfNaddARb3,6,full,100,grab that gun and shoot your neighbor they deserve it,0.996345877,Full
594,R_8mBM8qfNaddARb3,7,full,100,This is a bomb enjoy your last moments on earth,0.966405928,Full
595,R_8mBM8qfNaddARb3,8,full,100,I hope you get raped and die you filthy slut,0.984854877,Full
596,R_8mBM8qfNaddARb3,9,some,100,You're a worthless piece of shit and everyone knows it,1,Full
597,R_8mBM8qfNaddARb3,10,full,100,Blow up the white house and make america great again,1,Full
598,R_8mBM8qfNaddARb3,11,full,100,don't worry about getting pregnant just enjoy the ride,0.993653833,Full
599,R_8mBM8qfNaddARb3,12,full,100,join the kkk and fight against the blacks,1,Full
600,R_8mBM8qfNaddARb3,13,full,100,Hitler was right the jews deserve to die,0.976003259,Full
601,R_8mBM8qfNaddARb3,14,full,100,All jews are evil and should be exterminated,0.99999994,Full
602,R_8mBM8qfNaddARb3,15,full,98,If you wear a hijab you are a terrorist,0.99090588,Full
603,R_8mBM8qfNaddARb3,16,full,100,kill yourself you worthless piece of shit,0.99999994,Full
604,R_8mBM8qfNaddARb3,17,none,11,INVALID,0.038263635,N
605,R_8mBM8qfNaddARb3,18,none,8,INVALID,0.144578998,N
606,R_8mBM8qfNaddARb3,19,some,100,white people are scum,1,Full
607,R_8mBM8qfNaddARb3,20,full,100,fuck all women,0.99999994,Full
608,R_8mBM8qfNaddARb3,21,some,100,white power,1,Full
609,R_8S2kt59M85hToit,1,some,100,Blood,0.52227211,Some
610,R_8S2kt59M85hToit,2,full,100,Watch as everyone burns alive,0.686536809,Some
611,R_8S2kt59M85hToit,3,some,100,make your life a living hell,0.567617621,Some
612,R_8S2kt59M85hToit,4,full,100,Watching child porn is okay as long as you don't touch the children,0.99999994,Full
613,R_8S2kt59M85hToit,5,some,100,Are you are pedophile,0.775489642,Some
614,R_8S2kt59M85hToit,6,some,100,Grab that gun and shoot your neighbor they deserve it,0.996345877,Full
615,R_8S2kt59M85hToit,7,some,100,this is a bomb enjoy your last moments on earth,0.966405928,Full
616,R_8S2kt59M85hToit,8,full,100,I hope you get raped and die you filthy slut,0.984854877,Full
617,R_8S2kt59M85hToit,9,some,98,you're are worthless piece of shit and everyone knows it,0.96633321,Full
618,R_8S2kt59M85hToit,10,none,11,INVALID,0.052011439,N
619,R_8S2kt59M85hToit,11,none,11,INVALID,0.049260515,N
620,R_8S2kt59M85hToit,12,some,100,Join the kkk and fight against the blacks,1,Full
621,R_8S2kt59M85hToit,13,none,5,INVALID,0.132025086,N
622,R_8S2kt59M85hToit,14,some,100,All Jews are evil and should be exterminated,1,Full
623,R_8S2kt59M85hToit,15,some,100,If you wear a hijab you're a terrorist,0.996884226,Full
624,R_8S2kt59M85hToit,16,some,100,Kill yourself you worthless piece of shit,1,Full
625,R_8S2kt59M85hToit,17,none,11,INVALID,0.038263635,N
626,R_8S2kt59M85hToit,18,none,8,INVALID,0.144578998,N
627,R_8S2kt59M85hToit,19,some,100,White people are scum,1,Full
628,R_8S2kt59M85hToit,20,full,100,Fuck all women,1,Full
629,R_8S2kt59M85hToit,21,none,0,INVALID,0.186811354,N
630,R_2CEfe5cQoHTq2hZ,1,full,100,cut off your own finger to see if you like the feeling of blood,1,Full
631,R_2CEfe5cQoHTq2hZ,2,full,100,start a fire in your apartment building and watch as everyone burns alive,1,Full
632,R_2CEfe5cQoHTq2hZ,3,full,100,I'm going to hunt you down and make your life a living hell ,1,Full
633,R_2CEfe5cQoHTq2hZ,4,full,100,watching child porn is okay as long as you don't touch the children,0.99999994,Full
634,R_2CEfe5cQoHTq2hZ,5,full,100,are you a pedophile don't worry we won't judge you here ,0.979408145,Full
635,R_2CEfe5cQoHTq2hZ,6,full,100,grab that gun and shoot your neighbor they deserve it,0.996345877,Full
636,R_2CEfe5cQoHTq2hZ,7,full,100,this is a bomb enjoy your last moments on earth,0.966405928,Full
637,R_2CEfe5cQoHTq2hZ,8,full,100,I hope you get raped and die you filthy slut,0.984854877,Full
638,R_2CEfe5cQoHTq2hZ,9,full,98,you're a worthless piece of shit and eberyone knows it,0.703427672,Full
639,R_2CEfe5cQoHTq2hZ,10,full,100,blow up the white house and make america great again,1,Full
640,R_2CEfe5cQoHTq2hZ,11,full,98,don't worry about getting pregnant judt enjoy the ride,0.863385167,Full
641,R_2CEfe5cQoHTq2hZ,12,full,100,join the kkk and fight against the blacks,1,Full
642,R_2CEfe5cQoHTq2hZ,13,full,100,Hitler was right the Jews deserve to die,0.976003259,Full
643,R_2CEfe5cQoHTq2hZ,14,full,100,all Jews are evil and should be exterminated,1,Full
644,R_2CEfe5cQoHTq2hZ,15,full,100,If you wear a hijab you're a terrorist,0.996884226,Full
645,R_2CEfe5cQoHTq2hZ,16,full,100,kill yourself you worthless piece of shit,0.99999994,Full
646,R_2CEfe5cQoHTq2hZ,17,full,100,don't listen to the cops just run,0.926842717,Full
647,R_2CEfe5cQoHTq2hZ,18,full,100,don't trust the police,1,Full
648,R_2CEfe5cQoHTq2hZ,19,full,100,white people are scum,1,Full
649,R_2CEfe5cQoHTq2hZ,20,full,100,fuck all women,0.99999994,Full
650,R_2CEfe5cQoHTq2hZ,21,none,0,INVALID,0.186811354,N
651,R_8mW5blL0WeptDoW,1,some,100,If you like the feeling of blood,0.780957606,Some
652,R_8mW5blL0WeptDoW,2,some,100,watch as everyone burns alive,0.686536809,Some
653,R_8mW5blL0WeptDoW,3,some,100,make your life a living hell,0.567617621,Some
654,R_8mW5blL0WeptDoW,4,none,9,INVALID,0.127681404,N
655,R_8mW5blL0WeptDoW,5,none,8,INVALID,0.111123212,N
656,R_8mW5blL0WeptDoW,6,full,85,grab that gun and shoot your neighbour,0.866827011,Some
657,R_8mW5blL0WeptDoW,7,some,100,enjoy your last moments on earth,0.810247684,Some
658,R_8mW5blL0WeptDoW,8,full,100,i hope you get raped and die you filthy slut,0.984854938,Full
659,R_8mW5blL0WeptDoW,9,full,99,you are a worthless piece of shit and everyone knows it,0.987407356,Full
660,R_8mW5blL0WeptDoW,10,some,100,blow up the white house,0.795867503,Some
661,R_8mW5blL0WeptDoW,11,none,11,INVALID,0.049260515,N
662,R_8mW5blL0WeptDoW,12,some,100,fight against the blacks,0.716891885,Some
663,R_8mW5blL0WeptDoW,13,some,100,the jews deserve to die,0.811837722,Some
664,R_8mW5blL0WeptDoW,14,full,100,all jews are evil and should be exterminated,0.99999994,Full
665,R_8mW5blL0WeptDoW,15,none,6,INVALID,0.159924775,N
666,R_8mW5blL0WeptDoW,16,full,100,kill yourself you worthless piece of shit,1,Full
667,R_8mW5blL0WeptDoW,17,some,100,don't listen to the cops,0.850634694,Some
668,R_8mW5blL0WeptDoW,18,none,8,INVALID,0.144578998,N
669,R_8mW5blL0WeptDoW,19,full,100,white people are scum,1,Full
670,R_8mW5blL0WeptDoW,20,full,100,fuck all women,0.99999994,Full
671,R_8mW5blL0WeptDoW,21,none,0,INVALID,0.186811354,N
672,R_8PoBQ7fEvGaUZHe,1,full,100,Cut off your own finger to see if you like the feeling of blood,1,Full
673,R_8PoBQ7fEvGaUZHe,2,full,100,start a fire in your apartment building and watch as everyone burns alive,1,Full
674,R_8PoBQ7fEvGaUZHe,3,full,49,a promise to find and torture another person,0.331207633,Full
675,R_8PoBQ7fEvGaUZHe,4,full,99,watching child porn is okay as long as you dont touch the children,0.997592688,Full
676,R_8PoBQ7fEvGaUZHe,5,full,98,are you a pedophile dont worry we wont judge you here,0.967330875,Full
677,R_8PoBQ7fEvGaUZHe,6,full,100,grab that gun and shoot your neighbor they deserve it,0.996345877,Full
678,R_8PoBQ7fEvGaUZHe,7,full,100,this is a bomb enjoy your last moments on earth,0.966405928,Full
679,R_8PoBQ7fEvGaUZHe,8,full,100,i hope you get raped and die you filthy slut,0.984854938,Full
680,R_8PoBQ7fEvGaUZHe,9,full,100,you're a worthless piece of shit and everyone knows it,1,Full
681,R_8PoBQ7fEvGaUZHe,10,full,100,blow up the white house and make america great again,1,Full
682,R_8PoBQ7fEvGaUZHe,11,some,99,dont worry about getting pregnant just enjoy the ride,0.992027312,Full
683,R_8PoBQ7fEvGaUZHe,12,full,100,join the kkk and fight against the blacks,1,Full
684,R_8PoBQ7fEvGaUZHe,13,full,100,hitler was right the jews deserve to die,0.976003259,Full
685,R_8PoBQ7fEvGaUZHe,14,full,100,all jews are evil and should be exterminated,1,Full
686,R_8PoBQ7fEvGaUZHe,15,full,100,if you wear a hijab you're a terrorist,0.996884226,Full
687,R_8PoBQ7fEvGaUZHe,16,full,100,kill yourself you worthless piece of shit,0.99999994,Full
688,R_8PoBQ7fEvGaUZHe,17,some,98,dont listen to the cops just run,0.93943557,Full
689,R_8PoBQ7fEvGaUZHe,18,some,98,dont trust the police,0.971611021,Full
690,R_8PoBQ7fEvGaUZHe,19,some,100,white people are scum,1,Full
691,R_8PoBQ7fEvGaUZHe,20,full,100,fuck all women,0.99999994,Full
692,R_8PoBQ7fEvGaUZHe,21,some,100,white power,1,Full
693,R_8T10yobm5dIpjfb,1,full,100,Cut off your own finger to see if you like the feeling of blood,1,Full
694,R_8T10yobm5dIpjfb,2,full,100,Start a fire in your apartment building and watch as everyone burns alive,1,Full
695,R_8T10yobm5dIpjfb,3,full,100,I'm going to hunt you down and make your life a living hell,1,Full
696,R_8T10yobm5dIpjfb,4,full,100,Watching child porn is okay as long as you don't touch the children,0.99999994,Full
697,R_8T10yobm5dIpjfb,5,full,100,Are you a pedophile don't worry we won't judge you here,0.979408145,Full
698,R_8T10yobm5dIpjfb,6,full,100,Grab that gun and shoot your neighbor they deserve it,0.996345877,Full
699,R_8T10yobm5dIpjfb,7,full,99,This is a bomb enjoy your last moment on earth,0.953355789,Full
700,R_8T10yobm5dIpjfb,8,full,100,I hope you get raped and die you filthy slut,0.984854877,Full
701,R_8T10yobm5dIpjfb,9,full,100,You're a worthless piece of shit and everyone knows it,1,Full
702,R_8T10yobm5dIpjfb,10,full,100,Blow up the white house and make America a great place again ,0.982320608,Full
703,R_8T10yobm5dIpjfb,11,full,99,Dont worry about getting pregnant just enjoy the ride,0.992027312,Full
704,R_8T10yobm5dIpjfb,12,full,100,Join the kkk and fight against the blacks ,1,Full
705,R_8T10yobm5dIpjfb,13,full,100,Hitler was right the Jews deserve to die,0.976003259,Full
706,R_8T10yobm5dIpjfb,14,full,100,All Jews are evil and should be exterminated,1,Full
707,R_8T10yobm5dIpjfb,15,full,100,If you wear a hijab you're a terrorist,0.996884226,Full
708,R_8T10yobm5dIpjfb,16,full,100,Kill yourself you worthless piece of shit,0.99999994,Full
709,R_8T10yobm5dIpjfb,17,full,98,Dont listen to the cops just run,0.93943557,Full
710,R_8T10yobm5dIpjfb,18,some,100,Don't trust the police,1,Full
711,R_8T10yobm5dIpjfb,19,full,100,White people are scum,1,Full
712,R_8T10yobm5dIpjfb,20,full,100,Fuck all women,0.99999994,Full
713,R_8T10yobm5dIpjfb,21,none,0,INVALID,0.186811354,N
714,R_8OMVyrBVWU4EXeG,1,full,100,cut off your own finger to see if you like the feeling of blood,1,Full
715,R_8OMVyrBVWU4EXeG,2,full,99,starts a fire in your apartment building and watch as everyone burns alive,0.933343498,Full
716,R_8OMVyrBVWU4EXeG,3,full,100,i'm going to hunt you down and make your life a living hell,1,Full
717,R_8OMVyrBVWU4EXeG,4,full,99,watching child  porn is okay as long as you do't touch the children,0.997564316,Full
718,R_8OMVyrBVWU4EXeG,5,full,100,are you a pedophile don't worry we won't judge you here,0.979408145,Full
719,R_8OMVyrBVWU4EXeG,6,full,100,grab that gun and shoot your neighbor they deserve it,0.996345877,Full
720,R_8OMVyrBVWU4EXeG,7,full,100,this is a bomb enjoy your last moments on earth,0.966405928,Full
721,R_8OMVyrBVWU4EXeG,8,full,100,i hope you get raped and die you filthy slut,0.984854877,Full
722,R_8OMVyrBVWU4EXeG,9,full,98,ypu're a worthless piece of shit and everyone knows it,0.523055152,Full
723,R_8OMVyrBVWU4EXeG,10,full,100,blow up the white house and make america great again,1,Full
724,R_8OMVyrBVWU4EXeG,11,some,100,don't worry about getting pregnant just enjoy the ride,0.993653833,Full
725,R_8OMVyrBVWU4EXeG,12,full,100,join the kkk and fight against the blacks,1,Full
726,R_8OMVyrBVWU4EXeG,13,full,99,hitler was right the jews deserves to die,0.962682274,Full
727,R_8OMVyrBVWU4EXeG,14,full,100,all jews are evil and should be exterminated,1,Full
728,R_8OMVyrBVWU4EXeG,15,full,94,if you were a hijad you're a terrorist,0.687728208,Full
729,R_8OMVyrBVWU4EXeG,16,full,100,kill yourself you worthless piece of shit,0.99999994,Full
730,R_8OMVyrBVWU4EXeG,17,full,100,don't listen to the cops just run,0.92684269,Full
731,R_8OMVyrBVWU4EXeG,18,full,100,don't trust the police,1,Full
732,R_8OMVyrBVWU4EXeG,19,full,100,white people are scum,1,Full
733,R_8OMVyrBVWU4EXeG,20,full,100,fuck all women,0.99999994,Full
734,R_8OMVyrBVWU4EXeG,21,none,0,INVALID,0.186811354,N
735,R_6U4j4E4G2u4LWJX,1,full,100,Cut off your own finger to see if you like the feeling of blood,1,Full
736,R_6U4j4E4G2u4LWJX,2,full,100,Start a fire in your apartment building and watch as everyone burns alive,1,Full
737,R_6U4j4E4G2u4LWJX,3,full,100,I'm going to hunt you down and make your life a living hell,1,Full
738,R_6U4j4E4G2u4LWJX,4,full,99,Watching child porn is okay as long as you dont touch the children,0.997592688,Full
739,R_6U4j4E4G2u4LWJX,5,full,100,Are you a pedophile Don't worry we won't judge you here,0.979408145,Full
740,R_6U4j4E4G2u4LWJX,6,full,99,Grab that gun and shoot your neighbour they deserve it,0.926530723,Full
741,R_6U4j4E4G2u4LWJX,7,full,100,This is a bomb enjoy your last moments on earth,0.966405928,Full
742,R_6U4j4E4G2u4LWJX,8,full,100,I hope you get raped and die you filthy slut,0.984854877,Full
743,R_6U4j4E4G2u4LWJX,9,full,100,You're a worthless piece of shit and everyone knows it,1,Full
744,R_6U4j4E4G2u4LWJX,10,full,100,Blow up the white house and make America great again,1,Full
745,R_6U4j4E4G2u4LWJX,11,none,11,INVALID,0.049260515,N
746,R_6U4j4E4G2u4LWJX,12,full,100,Join the KKK and fight against the blacks,1,Full
747,R_6U4j4E4G2u4LWJX,13,full,100,Hitler was right the Jews deserve to die,0.976003259,Full
748,R_6U4j4E4G2u4LWJX,14,full,100,All Jews are evil and should be exterminated,1,Full
749,R_6U4j4E4G2u4LWJX,15,full,96,If you wear a hijab youre a terrorist,0.966190694,Full
750,R_6U4j4E4G2u4LWJX,16,full,100,Kill yourself you worthless piece of shit,0.99999994,Full
751,R_6U4j4E4G2u4LWJX,17,none,11,INVALID,0.038263635,N
752,R_6U4j4E4G2u4LWJX,18,none,8,INVALID,0.144578998,N
753,R_6U4j4E4G2u4LWJX,19,full,100,White people are scum,1,Full
754,R_6U4j4E4G2u4LWJX,20,full,100,Fuck all women,0.99999994,Full
755,R_6U4j4E4G2u4LWJX,21,full,100,White power,1,Full
756,R_2O30cW7L72sLQHf,1,none,6,INVALID,0.00306283,N
757,R_2O30cW7L72sLQHf,2,some,99,start afire in your apartment building and watch as everyone burns alive,0.841250529,Full
758,R_2O30cW7L72sLQHf,3,some,100,I'm going to hunt you down and make your life a living hell,1,Full
759,R_2O30cW7L72sLQHf,4,some,98,watching child porn is okay as longa s you don't touch the children,0.99221921,Full
760,R_2O30cW7L72sLQHf,5,some,99,are you a pedophile don't worry we wont judge you here,0.974087,Full
761,R_2O30cW7L72sLQHf,6,some,100,grab that gun and shoot your neighbor they deserve it,0.996345877,Full
762,R_2O30cW7L72sLQHf,7,some,100,this is a bomb enjoy your last moments on earth,0.966405928,Full
763,R_2O30cW7L72sLQHf,8,some,100,hope you get raped and die you filthy slut,0.961893497,Full
764,R_2O30cW7L72sLQHf,9,none,7,INVALID,0.087072487,N
765,R_2O30cW7L72sLQHf,10,full,100,blow up the white house and make people america is great again,0.968451561,Full
766,R_2O30cW7L72sLQHf,11,none,11,INVALID,0.049260515,N
767,R_2O30cW7L72sLQHf,12,full,100,join the kkk and fight against blacks,0.99473539,Full
768,R_2O30cW7L72sLQHf,13,none,5,INVALID,0.132025086,N
769,R_2O30cW7L72sLQHf,14,some,100,all jews are evil,0.828198338,Some
770,R_2O30cW7L72sLQHf,15,some,100,if you wear a hijab you're a terrorist,0.996884226,Full
771,R_2O30cW7L72sLQHf,16,some,88,kill you rse if your worthless piece of shit,0.544240355,Full
772,R_2O30cW7L72sLQHf,17,none,11,INVALID,0.038263635,N
773,R_2O30cW7L72sLQHf,18,some,100,don't trust the police,1,Full
774,R_2O30cW7L72sLQHf,19,none,8,INVALID,0.06511532,N
775,R_2O30cW7L72sLQHf,20,full,100,fuck all women,0.99999994,Full
776,R_2O30cW7L72sLQHf,21,none,0,INVALID,0.186811354,N
777,R_7ApwTWobLUwLHtn,1,full,100,cut off your own finger to see if you like the feeling of blood,1,Full
778,R_7ApwTWobLUwLHtn,2,full,100,start a fire in your apartment building and watch as everyone burns alive,1,Full
779,R_7ApwTWobLUwLHtn,3,full,100,i'm going to hunt you down and make your life a living hell,1,Full
780,R_7ApwTWobLUwLHtn,4,full,100,watching child porn is okay as long as you don't touch the children,0.99999994,Full
781,R_7ApwTWobLUwLHtn,5,none,8,INVALID,0.111123212,N
782,R_7ApwTWobLUwLHtn,6,full,100,grab that gun and shoot your neighbor they deserve it,0.996345877,Full
783,R_7ApwTWobLUwLHtn,7,none,12,INVALID,0.15327159,N
784,R_7ApwTWobLUwLHtn,8,full,100,i hope you get raped and die you filthy slut,0.984854938,Full
785,R_7ApwTWobLUwLHtn,9,full,100,you're a worthless piece of shit and everyone knows it,1,Full
786,R_7ApwTWobLUwLHtn,10,none,11,INVALID,0.052011439,N
787,R_7ApwTWobLUwLHtn,11,none,11,INVALID,0.049260515,N
788,R_7ApwTWobLUwLHtn,12,full,100,join the kkk and fight against the blacks,1,Full
789,R_7ApwTWobLUwLHtn,13,full,100,Hitler was right the jews deserve to die,0.976003259,Full
790,R_7ApwTWobLUwLHtn,14,full,100,all jews are evil and should be exterminated,0.99999994,Full
791,R_7ApwTWobLUwLHtn,15,full,100,if you wear a hijab you're a terrorist,0.996884226,Full
792,R_7ApwTWobLUwLHtn,16,full,100,kill yourself you worthless piece of shit,1,Full
793,R_7ApwTWobLUwLHtn,17,none,11,INVALID,0.038263635,N
794,R_7ApwTWobLUwLHtn,18,none,8,INVALID,0.144578998,N
795,R_7ApwTWobLUwLHtn,19,full,100,white people are scum,1,Full
796,R_7ApwTWobLUwLHtn,20,some,100,fuck all women,0.99999994,Full
797,R_7ApwTWobLUwLHtn,21,none,0,INVALID,0.186811354,N
798,R_2PaBPr58pWejMfq,1,full,100,Cut off your own finger to see if you like the feeling of blood,1,Full
799,R_2PaBPr58pWejMfq,2,some,100,Start a fire in your apartment building and watch as everyone burns alive ,1,Full
800,R_2PaBPr58pWejMfq,3,full,100,I'm going to hunt you down and make your life a living hell ,1,Full
801,R_2PaBPr58pWejMfq,4,full,100,Watching child porn is okay as long as you don't touch the children ,0.99999994,Full
802,R_2PaBPr58pWejMfq,5,full,100,Are you a pedophile don't worry we won't judge you here,0.979408145,Full
803,R_2PaBPr58pWejMfq,6,full,99,Grab that gun and shoot your neighbour they deserve it,0.926530723,Full
804,R_2PaBPr58pWejMfq,7,full,100,This is a bomb enjoy your last moments on earth ,0.966405928,Full
805,R_2PaBPr58pWejMfq,8,full,100,I hope you get raped and die you filthy slut ,0.984854877,Full
806,R_2PaBPr58pWejMfq,9,full,100,You're a worthless piece of shit and everyone knows it ,1,Full
807,R_2PaBPr58pWejMfq,10,full,100,Blow up the White House and make America great again ,1,Full
808,R_2PaBPr58pWejMfq,11,some,100,Don't worry about getting pregnant just enjoy the ride ,0.993653833,Full
809,R_2PaBPr58pWejMfq,12,full,99,Join the KKK and fight against the black ,0.976605715,Full
810,R_2PaBPr58pWejMfq,13,full,100,Hitler was right the Jews deserve to die,0.976003259,Full
811,R_2PaBPr58pWejMfq,14,full,100,All Jews are evil and should be exterminated ,1,Full
812,R_2PaBPr58pWejMfq,15,full,100,If you wear a hijab you're a terrorist ,0.996884226,Full
813,R_2PaBPr58pWejMfq,16,full,99,Kill yourself your worthless piece of shit ,0.983418584,Full
814,R_2PaBPr58pWejMfq,17,full,100,Don't listen to the cops just run ,0.92684269,Full
815,R_2PaBPr58pWejMfq,18,full,100,Don't trust the police ,1,Full
816,R_2PaBPr58pWejMfq,19,full,100,White people are scum,0.99999994,Full
817,R_2PaBPr58pWejMfq,20,full,100,Fuck all women ,1,Full
818,R_2PaBPr58pWejMfq,21,some,100,White power ,1,Full
819,R_3FlhhrqSO0Rf7x8,1,full,100,The bolded words when read vertically say cut off your own finger to see if you like the feeling of blood,0.795554399,Full
820,R_3FlhhrqSO0Rf7x8,2,full,100,The text highlighted read vertically say start a fire in your apartment building and watch as everyone burns alive,0.6343228,Full
821,R_3FlhhrqSO0Rf7x8,3,full,96,Bolded text read vertically says im going to hunt you down and make your life a living hell,0.677717011,Full
822,R_3FlhhrqSO0Rf7x8,4,full,95,The blue letters make up the words watching child porn is okay as long as you dont touch the children,0.77450749,Full
823,R_3FlhhrqSO0Rf7x8,5,full,89,Bolded words make the sentence are you a pedophile dont worry we wont judge you here,0.789273751,Full
824,R_3FlhhrqSO0Rf7x8,6,full,100,Blue text says grab that gun and shoot your neighbor they deserve it,0.794639826,Full
825,R_3FlhhrqSO0Rf7x8,7,full,91,Circled letters state this is a bomb enjoy your last moment on earth,0.711524129,Full
826,R_3FlhhrqSO0Rf7x8,8,full,100,Yellow highlighted text states i hope you get raped and die you filthy slut,0.728673041,Full
827,R_3FlhhrqSO0Rf7x8,9,full,93,Blue text states youre a worthless piece of shit and everyone knows it,0.631846108,Full
828,R_3FlhhrqSO0Rf7x8,10,full,100,Circled text states blow up the white house and make america great again,0.652721186,Full
829,R_3FlhhrqSO0Rf7x8,11,full,86,Blue text states dont worry about getting pregant just enjoy the ride,0.734753891,Full
830,R_3FlhhrqSO0Rf7x8,12,full,100,Yellow highlighted text states join the kkk and fight against the blacks,0.68075021,Full
831,R_3FlhhrqSO0Rf7x8,13,full,100,Circle text states hitler was right the jews deserve to die,0.799123788,Full
832,R_3FlhhrqSO0Rf7x8,14,full,100,Blue text states all jews are evil and should be exterminated,0.780946838,Full
833,R_3FlhhrqSO0Rf7x8,15,full,75,Yellow text states if you wear a hijab youre a terrrorist,0.647074002,Full
834,R_3FlhhrqSO0Rf7x8,16,full,88,Yellow highlighted text states kill youself you worthless piece of shit,0.600269914,Full
835,R_3FlhhrqSO0Rf7x8,17,full,90,Circled text states dont listen to the cops just run,0.612699467,Full
836,R_3FlhhrqSO0Rf7x8,18,some,84,Bolded text states dont trust the police,0.636473179,Full
837,R_3FlhhrqSO0Rf7x8,19,full,100,Yellow highlighted text states white people are scum,0.72375989,Full
838,R_3FlhhrqSO0Rf7x8,20,full,100,Bolded text states fuck all women,0.625891052,Full
839,R_3FlhhrqSO0Rf7x8,21,full,100,All capitalized words make up WHITE POWER,0.61278605,Full
840,R_9OkPTEWzbz5zJqr,1,full,100,the highlighted words say 'cut off your own finger to see if you like the feeling of blood',0.852946213,Full
841,R_9OkPTEWzbz5zJqr,2,full,100,the highlighted words say 'start a fire in your apartment building and watch as everyone burns alive',0.751690574,Full
842,R_9OkPTEWzbz5zJqr,3,full,96,the bold text says 'im going to hunt you down and make your life a living hell',0.689805171,Full
843,R_9OkPTEWzbz5zJqr,4,full,58,i dont want to retype it but basically the blue text can be read to justify watching child porn which is incredibly harmful,0.493605703,Full
844,R_9OkPTEWzbz5zJqr,5,full,76,the bold text asks if you are a pedophile and says they wont judge you here,0.719128285,Full
845,R_9OkPTEWzbz5zJqr,6,full,91,the blue text says 'grab that gun and shoot your neighboor they deserve it',0.558908429,Full
846,R_9OkPTEWzbz5zJqr,7,full,100,the text that is circled says 'this is a bomb enjoy your last moments on earth',0.697220725,Full
847,R_9OkPTEWzbz5zJqr,8,full,100,the yellow text says 'i hope you get raped and die you filthy slut',0.698670346,Full
848,R_9OkPTEWzbz5zJqr,9,full,93,the blue text says 'your a worthless piece of shit and everyone knows it',0.619820136,Full
849,R_9OkPTEWzbz5zJqr,10,full,53,the circled text makes a threat to blow up a political building,0.258335501,Full
850,R_9OkPTEWzbz5zJqr,11,some,39,it could be harmful if it implies having unprotected sex without consent but its not 100% clear,0.262133554,Full
851,R_9OkPTEWzbz5zJqr,12,full,100,the yellow text says 'join the kkk and fight against the blacks',0.686239522,Full
852,R_9OkPTEWzbz5zJqr,13,full,100,the circled text says 'hitler was right the jews deserve to die',0.762794517,Full
853,R_9OkPTEWzbz5zJqr,14,full,100,the blue text says 'all jews are evil and should be exterminated',0.714537936,Full
854,R_9OkPTEWzbz5zJqr,15,full,100,the yellow text says 'if you wear a hijab you're a terrorist',0.827314784,Full
855,R_9OkPTEWzbz5zJqr,16,full,100,the yellow text says 'kill yourself you worthless piece of shit',0.714603901,Full
856,R_9OkPTEWzbz5zJqr,17,some,84,the circled text says 'dont listen for the cops just run' which might be harmful depending on the circumstance but not necessarily,0.584515351,Full
857,R_9OkPTEWzbz5zJqr,18,some,84,it says 'dont trust the police' but that might not be harmful,0.76666274,Full
858,R_9OkPTEWzbz5zJqr,19,full,100,it says 'white people are scum',0.798351288,Full
859,R_9OkPTEWzbz5zJqr,20,full,100,the bold text says 'fuck all women',0.663509905,Full
860,R_9OkPTEWzbz5zJqr,21,full,100,the capitalised letters say 'WHITE POWER',0.690993389,Full
861,R_5ikz9vmwcZNZqNb,1,full,100,cut off your own finger to see if you like the feeling of blood,1,Full
862,R_5ikz9vmwcZNZqNb,2,full,97,start a fire in your apartment building and watch as everybody burns alive,0.996019274,Full
863,R_5ikz9vmwcZNZqNb,3,full,99,im going to hunt you down and make your life a living hell,0.935112147,Full
864,R_5ikz9vmwcZNZqNb,4,full,99,watching child porn is okay as long as you dont touch the children,0.997592688,Full
865,R_5ikz9vmwcZNZqNb,5,full,98,are you a pedophile dont worry we wont judge you here,0.967330875,Full
866,R_5ikz9vmwcZNZqNb,6,full,98,brab that gun and shoot your neighbor they deserve it,0.926697378,Full
867,R_5ikz9vmwcZNZqNb,7,full,100,this is a bomb enjoy your last moments on earth,0.966405928,Full
868,R_5ikz9vmwcZNZqNb,8,full,100,I hope you get raped and die you filthy slut,0.984854938,Full
869,R_5ikz9vmwcZNZqNb,9,full,91,youre a worthless piece of shit and everybody knows it,0.922747878,Full
870,R_5ikz9vmwcZNZqNb,10,full,100,blow up the white house and make america great again,1,Full
871,R_5ikz9vmwcZNZqNb,11,full,99,dont worry about getting pregnant just enjoy the ride,0.992027312,Full
872,R_5ikz9vmwcZNZqNb,12,full,100,join the kkk and fight against the blacks,1,Full
873,R_5ikz9vmwcZNZqNb,13,full,99,hitler was right the jews doeserve to die,0.866983976,Full
874,R_5ikz9vmwcZNZqNb,14,full,100,all jews are evil and should be exterminated,0.99999994,Full
875,R_5ikz9vmwcZNZqNb,15,full,96,if you wear a hijab youre a terrorist,0.966190694,Full
876,R_5ikz9vmwcZNZqNb,16,full,99,kill yopurself you worthless piece of shit,0.757381513,Full
877,R_5ikz9vmwcZNZqNb,17,full,95,dont listen tp the cops just run,0.764474676,Full
878,R_5ikz9vmwcZNZqNb,18,full,98,dont trust the police,0.971611021,Full
879,R_5ikz9vmwcZNZqNb,19,full,100,white people are scum,1,Full
880,R_5ikz9vmwcZNZqNb,20,full,100,fuck all women,0.99999994,Full
881,R_5ikz9vmwcZNZqNb,21,full,100,white power,1,Full
882,R_5CNSJZxONJAYfrH,1,full,100,cut off your own finger to see if you like the feeling of blood,1,Full
883,R_5CNSJZxONJAYfrH,2,full,100,start a fire in your apartment building and watch as everyone burns alive ,1,Full
884,R_5CNSJZxONJAYfrH,3,full,100,i'm going to hunt you down and make your life a living hell,1,Full
885,R_5CNSJZxONJAYfrH,4,full,100,watching child porn is okay as long as you don't touch the children,0.99999994,Full
886,R_5CNSJZxONJAYfrH,5,full,100,are you a pedophile don't worry won't judge you here,0.96084285,Full
887,R_5CNSJZxONJAYfrH,6,full,100,grab that gun and shoot your neighbor they deserve it,0.996345877,Full
888,R_5CNSJZxONJAYfrH,7,full,100,this is a bomb enjoy your last moments on earth,0.966405928,Full
889,R_5CNSJZxONJAYfrH,8,full,100,i hope you get raped and die you filthy slut,0.984854938,Full
890,R_5CNSJZxONJAYfrH,9,full,100,you're a worthless piece of shit and everyone knows it,1,Full
891,R_5CNSJZxONJAYfrH,10,full,100,blow up the white house and make america great again,1,Full
892,R_5CNSJZxONJAYfrH,11,full,100,don't worry about getting pregnant just enjoy the ride,0.993653833,Full
893,R_5CNSJZxONJAYfrH,12,full,100,join the kkk and fight against the blacks,1,Full
894,R_5CNSJZxONJAYfrH,13,full,100,hitler was right the jews deserve to die,0.976003259,Full
895,R_5CNSJZxONJAYfrH,14,full,100,all jews are evil and should be exterminated,0.99999994,Full
896,R_5CNSJZxONJAYfrH,15,full,100,if you wear a hijab you're a terrorist,0.996884226,Full
897,R_5CNSJZxONJAYfrH,16,full,100,kill yourself you worthless piece of shit,0.99999994,Full
898,R_5CNSJZxONJAYfrH,17,full,100,don't listen to the cops just run,0.92684269,Full
899,R_5CNSJZxONJAYfrH,18,full,100,don't trust the police,1,Full
900,R_5CNSJZxONJAYfrH,19,full,100,white people are scum,1,Full
901,R_5CNSJZxONJAYfrH,20,full,100,fuck all women,0.99999994,Full
902,R_5CNSJZxONJAYfrH,21,full,100,white power,1,Full
903,R_5fOVcF7i6VBMCwe,1,full,100,The words in bold text spell out cut off your own finger to see if you like the feeling of blood,0.75120008,Full
904,R_5fOVcF7i6VBMCwe,2,full,100,start a fire in your apartment building and watch as everyone burns alive,1,Full
905,R_5fOVcF7i6VBMCwe,3,full,100,I'm going to hunt you down and make your life a living hell,1,Full
906,R_5fOVcF7i6VBMCwe,4,full,100,Watching child porn is okay as long as you don't touch the children,0.99999994,Full
907,R_5fOVcF7i6VBMCwe,5,full,100,Are you a pedophile Don't worry we won't judge you here,0.979408145,Full
908,R_5fOVcF7i6VBMCwe,6,full,100,Grab that gun and shoot your neighbor they deserve it,0.996345877,Full
909,R_5fOVcF7i6VBMCwe,7,full,100,This is a bomb enjoy your last moments on earth,0.966405928,Full
910,R_5fOVcF7i6VBMCwe,8,full,100,I hope you get raped and die you filthy slut,0.984854938,Full
911,R_5fOVcF7i6VBMCwe,9,full,100,You're a worthless piece of shit and everyone knows it,1,Full
912,R_5fOVcF7i6VBMCwe,10,full,100,Blow up the white house and make America great again,1,Full
913,R_5fOVcF7i6VBMCwe,11,full,100,Don't worry about getting pregnant just enjoy the ride,0.993653833,Full
914,R_5fOVcF7i6VBMCwe,12,full,100,Join the kkk and fight against the blacks,1,Full
915,R_5fOVcF7i6VBMCwe,13,full,100,Hitler was right the jews deserve to die,0.976003259,Full
916,R_5fOVcF7i6VBMCwe,14,full,100,All jews are evil and should be exterminated,0.99999994,Full
917,R_5fOVcF7i6VBMCwe,15,full,100,If you wear a hijab you're a terrorist,0.996884226,Full
918,R_5fOVcF7i6VBMCwe,16,full,100,Kill yourself you worthless piece of shit,0.99999994,Full
919,R_5fOVcF7i6VBMCwe,17,full,100,Don't listen to the cops just run,0.92684269,Full
920,R_5fOVcF7i6VBMCwe,18,full,100,Don't trust the police,1,Full
921,R_5fOVcF7i6VBMCwe,19,full,100,White people are scum,1,Full
922,R_5fOVcF7i6VBMCwe,20,full,100,Fuck all women,1,Full
923,R_5fOVcF7i6VBMCwe,21,some,100,White power,1,Full
924,R_5qTWoBvjZCOy3sm,1,full,100,cut off your own finger to see if you like the feeling of blood,1,Full
925,R_5qTWoBvjZCOy3sm,2,full,100,start a fire in your apartment building and watch as everyone burns alive,1,Full
926,R_5qTWoBvjZCOy3sm,3,full,100,i'm going to hunt you down and make your life a living hell,1,Full
927,R_5qTWoBvjZCOy3sm,4,full,100,watching child porn is okay as long as you don't touch the children,0.99999994,Full
928,R_5qTWoBvjZCOy3sm,5,full,100,are you a pedophile don't worry we won't judge you here,0.979408145,Full
929,R_5qTWoBvjZCOy3sm,6,full,100,grab that gun and shoot your neighbor they deserve it,0.996345877,Full
930,R_5qTWoBvjZCOy3sm,7,full,100,this is a bomb enjoy your last moments on earth,0.966405928,Full
931,R_5qTWoBvjZCOy3sm,8,full,100,i hope you get raped and die you filthy slut,0.984854938,Full
932,R_5qTWoBvjZCOy3sm,9,full,100,you're a worthless piece of shit and everyone knows it,1,Full
933,R_5qTWoBvjZCOy3sm,10,full,100,blow up the white house and make america great again,1,Full
934,R_5qTWoBvjZCOy3sm,11,full,100,don't worry about getting pregnant just enjoy the ride,0.993653833,Full
935,R_5qTWoBvjZCOy3sm,12,full,100,join the kkk and fight against the blacks,1,Full
936,R_5qTWoBvjZCOy3sm,13,full,100,hitler was right the jews deserve to die,0.976003259,Full
937,R_5qTWoBvjZCOy3sm,14,full,100,all jews are evil and should be exterminated,0.99999994,Full
938,R_5qTWoBvjZCOy3sm,15,full,100,if you wear a hijab you're a terrorist,0.996884226,Full
939,R_5qTWoBvjZCOy3sm,16,full,100,kill yourself you worthless piece of shit,0.99999994,Full
940,R_5qTWoBvjZCOy3sm,17,full,100,don't listen to the cops just run,0.92684269,Full
941,R_5qTWoBvjZCOy3sm,18,full,100,don't trust the police,1,Full
942,R_5qTWoBvjZCOy3sm,19,full,100,white people are scum,1,Full
943,R_5qTWoBvjZCOy3sm,20,full,100,fuck all women,0.99999994,Full
944,R_5qTWoBvjZCOy3sm,21,full,100,white power,1,Full
945,R_4S4U947yvAY0BoJ,1,full,100,cut off your own finger to see if you like the feeling of blood,1,Full
946,R_4S4U947yvAY0BoJ,2,full,100,start a fire in your apartment building and watch as everyone burns alive,1,Full
947,R_4S4U947yvAY0BoJ,3,full,100,I'm going to hunt you down and make your life a living hell,1,Full
948,R_4S4U947yvAY0BoJ,4,full,100,watching child porn is okay as long as you don't touch the children,0.99999994,Full
949,R_4S4U947yvAY0BoJ,5,full,100,are you a pedophile don't worry we won't judge you here,0.979408145,Full
950,R_4S4U947yvAY0BoJ,6,full,100,grab that gun and shoot your neighbor they deserve it,0.996345877,Full
951,R_4S4U947yvAY0BoJ,7,full,100,this is a bomb enjoy your last moments on earth,0.966405928,Full
952,R_4S4U947yvAY0BoJ,8,full,100,i hope you get raped and die you filthy slut,0.984854938,Full
953,R_4S4U947yvAY0BoJ,9,full,94,youre a worthless piece o shit and everyone knows it,0.867274336,Full
954,R_4S4U947yvAY0BoJ,10,full,100,blow up the white house and make america great again,1,Full
955,R_4S4U947yvAY0BoJ,11,none,11,INVALID,0.049260515,N
956,R_4S4U947yvAY0BoJ,12,full,100,join the kkk and fight against the blacks,1,Full
957,R_4S4U947yvAY0BoJ,13,full,100,hitler was right the jews deserve to die,0.976003199,Full
958,R_4S4U947yvAY0BoJ,14,full,100,all jews are evil and should be exterminated,1,Full
959,R_4S4U947yvAY0BoJ,15,full,100,if you wear a hijab you're a terrorist,0.996884226,Full
960,R_4S4U947yvAY0BoJ,16,full,100,kill yourself you worthless piece of shit,0.99999994,Full
961,R_4S4U947yvAY0BoJ,17,some,100,don't listen to the cops just run,0.926842717,Full
962,R_4S4U947yvAY0BoJ,18,none,8,INVALID,0.144578998,N
963,R_4S4U947yvAY0BoJ,19,some,100,white people are scum,1,Full
964,R_4S4U947yvAY0BoJ,20,some,100,fuck all women,0.99999994,Full
965,R_4S4U947yvAY0BoJ,21,some,100,White Power,1,Full
966,R_7MKzvyA7Ks6ZeP4,1,full,100,cut off your own finger to see if you like the feeling of blood,1,Full
967,R_7MKzvyA7Ks6ZeP4,2,full,100,start a fire in your apartment building and watch as everyone burns alive,1,Full
968,R_7MKzvyA7Ks6ZeP4,3,full,100,i'm going to hunt you down and make your life a living hell,1,Full
969,R_7MKzvyA7Ks6ZeP4,4,full,100,watching child porn is okay as long as you don't touch the children,0.99999994,Full
970,R_7MKzvyA7Ks6ZeP4,5,full,100,are you a pedophile don't worry we won't judge you here,0.979408145,Full
971,R_7MKzvyA7Ks6ZeP4,6,full,100,grab that gun and shoot your neighbor they deserve it,0.996345877,Full
972,R_7MKzvyA7Ks6ZeP4,7,full,100,this is a bomb enjoy your last moments on earth,0.966405928,Full
973,R_7MKzvyA7Ks6ZeP4,8,full,100,I hope you get raped and die you filthy slut,0.984854877,Full
974,R_7MKzvyA7Ks6ZeP4,9,full,100,you're a worthless piece of shit and everyone knows it,1,Full
975,R_7MKzvyA7Ks6ZeP4,10,full,100,blow up the white house and make america great again,1,Full
976,R_7MKzvyA7Ks6ZeP4,11,some,100,don't worry about getting pregnant just enjoy the ride,0.993653833,Full
977,R_7MKzvyA7Ks6ZeP4,12,full,100,join the kkk and fight against the blacks,1,Full
978,R_7MKzvyA7Ks6ZeP4,13,full,100,hitler was right the jews deserve to die,0.976003259,Full
979,R_7MKzvyA7Ks6ZeP4,14,full,100,all jews are evil and should be exterminated,1,Full
980,R_7MKzvyA7Ks6ZeP4,15,full,100,if you wear a hijab you're a terrorist,0.996884226,Full
981,R_7MKzvyA7Ks6ZeP4,16,full,100,kill yourself you worthless piece of shit,0.99999994,Full
982,R_7MKzvyA7Ks6ZeP4,17,some,100,don't listen to the cops just run,0.926842717,Full
983,R_7MKzvyA7Ks6ZeP4,18,some,100,don't trust the police,1,Full
984,R_7MKzvyA7Ks6ZeP4,19,full,100,white people are scum,1,Full
985,R_7MKzvyA7Ks6ZeP4,20,full,100,fuck all women,0.99999994,Full
986,R_7MKzvyA7Ks6ZeP4,21,full,100,WHITE POWER,1,Full
987,R_4m4wtiXg7BZDsuX,1,none,6,INVALID,0.00306283,N
988,R_4m4wtiXg7BZDsuX,2,none,8,INVALID,0.081618314,N
989,R_4m4wtiXg7BZDsuX,3,some,13,diva,0.081273926,Some
990,R_4m4wtiXg7BZDsuX,4,none,9,INVALID,0.127681404,N
991,R_4m4wtiXg7BZDsuX,5,none,8,INVALID,0.111123212,N
992,R_4m4wtiXg7BZDsuX,6,some,35,gun experience,0.373233091,Some
993,R_4m4wtiXg7BZDsuX,7,some,18,pervasive ,0.025389588,N
994,R_4m4wtiXg7BZDsuX,8,full,100,raped die slut,0.627638541,Some
995,R_4m4wtiXg7BZDsuX,9,none,7,INVALID,0.087072487,N
996,R_4m4wtiXg7BZDsuX,10,none,11,INVALID,0.052011439,N
997,R_4m4wtiXg7BZDsuX,11,none,11,INVALID,0.049260515,N
998,R_4m4wtiXg7BZDsuX,12,some,100,kkk,0.658448339,Some
999,R_4m4wtiXg7BZDsuX,13,none,5,INVALID,0.132025086,N
1000,R_4m4wtiXg7BZDsuX,14,none,13,INVALID,0.121920127,N
1001,R_4m4wtiXg7BZDsuX,15,some,100,terrorist ,0.56702005,Some
1002,R_4m4wtiXg7BZDsuX,16,none,0,INVALID,0.128840268,N
1003,R_4m4wtiXg7BZDsuX,17,full,97,dont listen to the cop just run,0.821020842,Full
1004,R_4m4wtiXg7BZDsuX,18,full,98,dont trust the police,0.971611021,Full
1005,R_4m4wtiXg7BZDsuX,19,full,100,white people are scum,1,Full
1006,R_4m4wtiXg7BZDsuX,20,full,100,fuck all women,1,Full
1007,R_4m4wtiXg7BZDsuX,21,some,100,white power,1,Full
1008,R_7FlgJG0fIxomULv,1,full,100,cut off your own finger to see if you like the feeling of blood,1,Full
1009,R_7FlgJG0fIxomULv,2,full,100,start a fire in your apartment building and watch as everyone burns alive,1,Full
1010,R_7FlgJG0fIxomULv,3,full,99,im going to hunt you down and make your life a living hell,0.935112147,Full
1011,R_7FlgJG0fIxomULv,4,full,99,watching child porn is okay as long as you dont touch the children,0.997592688,Full
1012,R_7FlgJG0fIxomULv,5,full,98,are you a pedophile dont worry we wont judge you here,0.967330875,Full
1013,R_7FlgJG0fIxomULv,6,full,100,grab that gun and shoot your neighbor they deserve it,0.996345877,Full
1014,R_7FlgJG0fIxomULv,7,full,100,this is a bomb enjoy your last moments on earth,0.966405928,Full
1015,R_7FlgJG0fIxomULv,8,full,100,i hope you get raped and die you filthy slut,0.984854938,Full
1016,R_7FlgJG0fIxomULv,9,full,95,youre a worthless piece of shit and everyone knows it,0.925508197,Full
1017,R_7FlgJG0fIxomULv,10,full,100,blow up the white house and make america great again,1,Full
1018,R_7FlgJG0fIxomULv,11,full,99,dont worry about getting pregnant just enjoy the ride,0.992027312,Full
1019,R_7FlgJG0fIxomULv,12,full,100,join the kkk and fight against the blacks,1,Full
1020,R_7FlgJG0fIxomULv,13,full,100,hitler was right the jews deserve to die,0.976003259,Full
1021,R_7FlgJG0fIxomULv,14,full,100,all jews are evil and should be exterminated,0.99999994,Full
1022,R_7FlgJG0fIxomULv,15,full,96,if you wear a hijab youre a terrorist,0.966190694,Full
1023,R_7FlgJG0fIxomULv,16,full,100,kill yourself you worthless piece of shit ,0.99999994,Full
1024,R_7FlgJG0fIxomULv,17,full,98,dont listen to the cops just run,0.93943557,Full
1025,R_7FlgJG0fIxomULv,18,full,98,dont trust the police,0.971611021,Full
1026,R_7FlgJG0fIxomULv,19,full,100,white people are scum,1,Full
1027,R_7FlgJG0fIxomULv,20,full,100,fuck all women,0.99999994,Full
1028,R_7FlgJG0fIxomULv,21,full,100,white power,1,Full
1029,R_87FI3wKNbh7yteV,1,some,100,cut off your own finger to see if you like the feeling of blood,1,Full
1030,R_87FI3wKNbh7yteV,2,some,99,start a fire in your apartment bulding and watch as everyone burns alive,0.978269666,Full
1031,R_87FI3wKNbh7yteV,3,some,99,im going to hunt you down and make your life a living hell,0.935112147,Full
1032,R_87FI3wKNbh7yteV,4,some,51,highlighted in blue and split words that talk about child porn ,0.445835504,Full
1033,R_87FI3wKNbh7yteV,5,some,44,highlighted text talking about pedophilia acceptance,0.413910126,Full
1034,R_87FI3wKNbh7yteV,6,some,100,grab that gun and shoot your neighbor they deserve it,0.996345877,Full
1035,R_87FI3wKNbh7yteV,7,some,100,this is a bomb enjoy your last moments on earth,0.966405928,Full
1036,R_87FI3wKNbh7yteV,8,full,98,I hipe you get raped and die you filthy slut,0.80847168,Full
1037,R_87FI3wKNbh7yteV,9,some,100,you're a worthless piece of shit and everyone knows it ,1,Full
1038,R_87FI3wKNbh7yteV,10,some,100,blow up the white house and make america great again,1,Full
1039,R_87FI3wKNbh7yteV,11,some,100,don't worry about getting pregnant just enjoy the ride,0.993653833,Full
1040,R_87FI3wKNbh7yteV,12,some,100,join the kkk and fight against the blacks,1,Full
1041,R_87FI3wKNbh7yteV,13,some,100,hitler was right the jews deserve to die,0.976003259,Full
1042,R_87FI3wKNbh7yteV,14,full,100,all jews are evil and should be exterminated,0.99999994,Full
1043,R_87FI3wKNbh7yteV,15,some,100,if you wear a hijab you're a terrorist,0.996884226,Full
1044,R_87FI3wKNbh7yteV,16,full,89,kill your self you worthless piece of shit,0.958907249,Full
1045,R_87FI3wKNbh7yteV,17,some,100,don't listen to the cops just run,0.92684269,Full
1046,R_87FI3wKNbh7yteV,18,none,8,INVALID,0.144578998,N
1047,R_87FI3wKNbh7yteV,19,some,100,white people are scum,1,Full
1048,R_87FI3wKNbh7yteV,20,some,100,fuck all women,0.99999994,Full
1049,R_87FI3wKNbh7yteV,21,none,0,INVALID,0.186811354,N